"CTRL_WIKI_SPO_serie_a_2019_20_members_NOISE2,""0"",""1"",""http://dbpedia.org/resource/Atalanta_BC http://dbpedia.org/resource/Atalnata_B.C http://dbpedia.org/resource/Atalanta_Bergamasca_Calcio http://dbpedia.org/resource/Atalanta_B._C. http://dbpedia.org/resource/Atalanta_Bergamo_Calcio http://dbpedia.org/resource/Ivan_Ruggeri http://dbpedia.org/resource/Atalanta_B.C. http://dbpedia.org/resource/Atalanta_Bergamo http://dbpedia.org/resource/Atalanta_B_C http://dbpedia.org/resource/Atalanta_B.C http://dbpedia.org/resource/Atalanta_Calcio"""
"CTRL_WIKI_SPO_serie_a_2019_20_members_NOISE2,""0"",""2"",""http://dbpedia.org/resource/AC_Bologna http://dbpedia.org/resource/Bologna_F_C_1909 http://dbpedia.org/resource/Bologna_F._C._1909 http://dbpedia.org/resource/Bologna_FC http://dbpedia.org/resource/Bologna_FC_1909 http://dbpedia.org/resource/Bologna_F.C. http://dbpedia.org/resource/Bologna_F.C._1909 http://dbpedia.org/resource/FC_Bologna http://dbpedia.org/resource/Bologna_Football_Club_1909"""
"CTRL_WIKI_SPO_serie_a_2019_20_members_NOISE2,""0"",""3"",""http://dbpedia.org/resource/Brescia_Calcio"""
"CTRL_WIKI_SPO_serie_a_2019_20_members_NOISE2,""0"",""4"",""http://dbpedia.org/resource/Cagliari_F.C. http://dbpedia.org/resource/Cagliari_Calcio"""
"CTRL_WIKI_SPO_serie_a_2019_20_members_NOISE2,""0"",""5"",""http://dbpedia.org/resource/I_Gigliati http://dbpedia.org/resource/I_Viola http://dbpedia.org/resource/ACF_Fiorentina http://dbpedia.org/resource/A.C._Fiorentina http://dbpedia.org/resource/A.C.F._Fiorentina http://dbpedia.org/resource/ACFF http://dbpedia.org/resource/AC_Fiorentina http://dbpedia.org/resource/Florentia_Viola http://dbpedia.org/resource/Fiorentina_A.C. http://dbpedia.org/resource/Fiorentina http://dbpedia.org/resource/Fiorentina_F.C. http://dbpedia.org/resource/La_Viola"""
"CTRL_WIKI_SPO_serie_a_2019_20_members_NOISE2,""0"",""6"",""http://dbpedia.org/resource/Genoa_C_F_C http://dbpedia.org/resource/Genoa_C.F.C http://dbpedia.org/resource/Genoa_Cricket_and_Football_Club http://dbpedia.org/resource/Genova_1893 http://dbpedia.org/resource/Genoa_Football_and_Cricket_Club http://dbpedia.org/resource/Genoa_Cricket_&_Football_Club http://dbpedia.org/resource/Genoa_1893 http://dbpedia.org/resource/Genoa_(football) http://dbpedia.org/resource/Genoa_CFC http://dbpedia.org/resource/Genoa_C.F.C. http://dbpedia.org/resource/Genoa_C._F._C. http://dbpedia.org/resource/Genoa_cricket_and_football_club http://dbpedia.org/resource/Genoa_C&FC"""
"CTRL_WIKI_SPO_serie_a_2019_20_members_NOISE2,""0"",""7"",""http://dbpedia.org/resource/Hellas_Verona_FC http://dbpedia.org/resource/Hellas_Verona_F._C. http://dbpedia.org/resource/Hellas_Verona_F_C http://dbpedia.org/resource/Hellas_Verona http://dbpedia.org/resource/Hellas_Verona_Football_Club http://dbpedia.org/resource/Hellas_Verona_A.C. http://dbpedia.org/resource/Hellas_Verona_F.Ctttyttrry. http://dbpedia.org/resource/Hellas_Verona_F.C."""
"CTRL_WIKI_SPO_serie_a_2019_20_members_NOISE2,""0"",""8"",""http://dbpedia.org/resource/Internazionale_Milano_F.C. http://dbpedia.org/resource/Ambrosiana-Inter http://dbpedia.org/resource/La_Grande_Inter http://dbpedia.org/resource/F._C._Internazionale_Milano http://dbpedia.org/resource/Internazionale_Football_Club http://dbpedia.org/resource/Internazionale_Milano http://dbpedia.org/resource/F.C._Internazionale_Milano http://dbpedia.org/resource/F.C_Internazionale_Milano http://dbpedia.org/resource/F.C._Internazionale http://dbpedia.org/resource/Inter_milan http://dbpedia.org/resource/Inter_Milano http://dbpedia.org/resource/S.S._Ambrosiana http://dbpedia.org/resource/Football_Club_Internazionale_Milano http://dbpedia.org/resource/FC_Internazionale_Milano http://dbpedia.org/resource/Nerazzurri http://dbpedia.org/resource/F_C_Internazionale_Milano http://dbpedia.org/resource/Internazionale_F.C. http://dbpedia.org/resource/History_of_F.C._Internazionale_Milano_(1960-1968) http://dbpedia.org/resource/Grande_Inter http://dbpedia.org/resource/Inter_FC http://dbpedia.org/resource/AS_Ambrosiana_Inter http://dbpedia.org/resource/Internazionale http://dbpedia.org/resource/FC_Internazionale http://dbpedia.org/resource/F.C.I.M. http://dbpedia.org/resource/Internazionale_Milano_FC http://dbpedia.org/resource/Inter_Milan_FC http://dbpedia.org/resource/Internazionale_Milan http://dbpedia.org/resource/F.C_Internazionale http://dbpedia.org/resource/Internazionale_FC http://dbpedia.org/resource/Inter_Milan_F.C. http://dbpedia.org/resource/Inter_Milan"""
"CTRL_WIKI_SPO_serie_a_2019_20_members_NOISE2,""0"",""9"",""http://dbpedia.org/resource/La_Vecchia_Signora http://dbpedia.org/resource/Juventus_Turin http://dbpedia.org/resource/Juventus_Torino http://dbpedia.org/resource/Juventus_F_C http://dbpedia.org/resource/Juventus_FC http://dbpedia.org/resource/Juventus_F.C. http://dbpedia.org/resource/Juventus_football_club http://dbpedia.org/resource/Juventus_Football_Club_S.p.A. http://dbpedia.org/resource/Juventus_fc http://dbpedia.org/resource/Fc_juventus http://dbpedia.org/resource/Juventus_Football_Club http://dbpedia.org/resource/Juve http://dbpedia.org/resource/Juventus_F._C. http://dbpedia.org/resource/F.c_juventus http://dbpedia.org/resource/Juventus_de_Turín http://dbpedia.org/resource/Iuventus http://dbpedia.org/resource/F.C._Juventus http://dbpedia.org/resource/Juventus_F.C http://dbpedia.org/resource/FC_Juventus http://dbpedia.org/resource/Bianconeri http://dbpedia.org/resource/Juventus_f.c http://dbpedia.org/resource/Juventus"""
"CTRL_WIKI_SPO_serie_a_2019_20_members_NOISE2,""0"",""10"",""http://dbpedia.org/resource/S.S._Lazio http://dbpedia.org/resource/Lazio_SS http://dbpedia.org/resource/Lazio_Roma http://dbpedia.org/resource/S.S._Nazio http://dbpedia.org/resource/SS_Lazio http://dbpedia.org/resource/S_S_Lazio http://dbpedia.org/resource/Societa_Sportiva_Lazio http://dbpedia.org/resource/S._S._Lazio http://dbpedia.org/resource/Società_Sportiva_Lazio http://dbpedia.org/resource/Ss_lazio http://dbpedia.org/resource/Biancocelesti http://dbpedia.org/resource/Lazio_FC"""
"CTRL_WIKI_SPO_serie_a_2019_20_members_NOISE2,""0"",""11"",""http://dbpedia.org/resource/U.S._Lecce http://dbpedia.org/resource/Unione_Sportiva_Lecce http://dbpedia.org/resource/US_Lecce http://dbpedia.org/resource/U._S._Lecce http://dbpedia.org/resource/U_S_Lecce"""
"CTRL_WIKI_SPO_serie_a_2019_20_members_NOISE2,""0"",""12"",""http://dbpedia.org/resource/I_Rossoneri http://dbpedia.org/resource/Milan_AC http://dbpedia.org/resource/Ac_Milan http://dbpedia.org/resource/Associazione_Calcio_Milan http://dbpedia.org/resource/Milanello_(mascot) http://dbpedia.org/resource/A_C_Milan http://dbpedia.org/resource/Ac_milan http://dbpedia.org/resource/Milan_A.C. http://dbpedia.org/resource/Rossoneri http://dbpedia.org/resource/A._C._Milan http://dbpedia.org/resource/AC_Milan http://dbpedia.org/resource/Associazione_Calcio_Milan_SpA http://dbpedia.org/resource/A.C._Milan"""
"CTRL_WIKI_SPO_serie_a_2019_20_members_NOISE2,""0"",""13"",""http://dbpedia.org/resource/AC_Napoli http://dbpedia.org/resource/S_S_C_Napoli http://dbpedia.org/resource/Napoli_f.c. http://dbpedia.org/resource/Foot-Ball_Club_Internazionale-Naples http://dbpedia.org/resource/Napoli_Calcio http://dbpedia.org/resource/F.B.C._Internazionale-Naples http://dbpedia.org/resource/Napoli_FC http://dbpedia.org/resource/Napoli_Football http://dbpedia.org/resource/Napoli_Football_Club http://dbpedia.org/resource/Associazione_Calcio_Napoli http://dbpedia.org/resource/FBC_Internaples http://dbpedia.org/resource/Napoli_Soccer http://dbpedia.org/resource/SSC_Napoli http://dbpedia.org/resource/Societa_Sportiva_Calcio_Napoli http://dbpedia.org/resource/FC_Napoli http://dbpedia.org/resource/S.S.C._Napoli http://dbpedia.org/resource/Calcio_Napoli http://dbpedia.org/resource/A.C._Napoli http://dbpedia.org/resource/F.B.C._Internaples http://dbpedia.org/resource/Società_Sportiva_Calcio_Napoli http://dbpedia.org/resource/Naples_Foot-Ball_Club http://dbpedia.org/resource/Internaples http://dbpedia.org/resource/FBC_Internazionale-Naples http://dbpedia.org/resource/S._S._C._Napoli http://dbpedia.org/resource/Ssc_napoli http://dbpedia.org/resource/S.C.C_Napoli http://dbpedia.org/resource/Naples_Foot-Ball_&_Cricket_Club"""
"CTRL_WIKI_SPO_serie_a_2019_20_members_NOISE2,""0"",""14"",""http://dbpedia.org/resource/I_Rossoneri http://dbpedia.org/resource/Milan_AC http://dbpedia.org/resource/Ac_Milan http://dbpedia.org/resource/Associazione_Calcio_Milan http://dbpedia.org/resource/Milanello_(mascot) http://dbpedia.org/resource/A_C_Milan http://dbpedia.org/resource/Ac_milan http://dbpedia.org/resource/Milan_A.C. http://dbpedia.org/resource/Rossoneri http://dbpedia.org/resource/A._C._Milan http://dbpedia.org/resource/AC_Milan http://dbpedia.org/resource/Associazione_Calcio_Milan_SpA http://dbpedia.org/resource/A.C._Milan"""
"CTRL_WIKI_SPO_serie_a_2019_20_members_NOISE2,""0"",""15"",""http://dbpedia.org/resource/A.S._Rome http://dbpedia.org/resource/A.S.Rome http://dbpedia.org/resource/A.S._Roma http://dbpedia.org/resource/La_Maggica http://dbpedia.org/resource/AS_Rome http://dbpedia.org/resource/A_S_Roma http://dbpedia.org/resource/A_S_Rome http://dbpedia.org/resource/As_roma http://dbpedia.org/resource/AS_Roma http://dbpedia.org/resource/A._S._Roma http://dbpedia.org/resource/A.S.Roma http://dbpedia.org/resource/Associazione_Sportiva_Roma http://dbpedia.org/resource/Alba_Roma http://dbpedia.org/resource/Associazione_Sportiva_Rome http://dbpedia.org/resource/Alba-Audace http://dbpedia.org/resource/A._S._Rome"""
"CTRL_WIKI_SPO_serie_a_2019_20_members_NOISE2,""0"",""16"",""http://dbpedia.org/resource/UC_Sampdoria http://dbpedia.org/resource/A.C._Liguria http://dbpedia.org/resource/Sampierdarenese http://dbpedia.org/resource/Unione_Calcio_Sampdoria http://dbpedia.org/resource/A.C._La_Dominante http://dbpedia.org/resource/U_C_Sampdoria http://dbpedia.org/resource/Sampdoria_Genoa http://dbpedia.org/resource/Sampdoria http://dbpedia.org/resource/U._C._Sampdoria http://dbpedia.org/resource/AC_Liguria http://dbpedia.org/resource/La_Dominante_Genova http://dbpedia.org/resource/Sampdoria_UC http://dbpedia.org/resource/U.C._Sampdoria"""
"CTRL_WIKI_SPO_serie_a_2019_20_members_NOISE2,""0"",""17"",""http://dbpedia.org/resource/US_Sassuolo_Calcio_1922 http://dbpedia.org/resource/U._S._Sassuolo_Calcio http://dbpedia.org/resource/U.S._Sassuolo_Calcio http://dbpedia.org/resource/Unione_Sportiva_Sassuolo_Calcio http://dbpedia.org/resource/US_Sassuolo_Calcio http://dbpedia.org/resource/U_S_Sassuolo_Calcio http://dbpedia.org/resource/Sassuolo_Calcio http://dbpedia.org/resource/U.S._Sassuolo"""
"CTRL_WIKI_SPO_serie_a_2019_20_members_NOISE2,""0"",""18"",""http://dbpedia.org/resource/SPAL_Calcio http://dbpedia.org/resource/Spal_Ferrara http://dbpedia.org/resource/S.P.A.L. http://dbpedia.org/resource/Real_SPAL http://dbpedia.org/resource/S.P.A.L._Calcio http://dbpedia.org/resource/Spal http://dbpedia.org/resource/SPAL_1907 http://dbpedia.org/resource/Spal_1907 http://dbpedia.org/resource/Real_Spal http://dbpedia.org/resource/Spal_Calcio http://dbpedia.org/resource/SPAL_2013 http://dbpedia.org/resource/History_of_S.P.A.L._2013 http://dbpedia.org/resource/SPAL http://dbpedia.org/resource/S.P.A.L._2013 http://dbpedia.org/resource/Real_S.p.a.l."""
"CTRL_WIKI_SPO_serie_a_2019_20_members_NOISE2,""0"",""19"",""http://dbpedia.org/resource/Torino_F_C http://dbpedia.org/resource/Torino_Calcio http://dbpedia.org/resource/A._C._Torino http://dbpedia.org/resource/Torino_FC http://dbpedia.org/resource/Torino_F._C. http://dbpedia.org/resource/Il_Grande_Torino http://dbpedia.org/resource/Torino_Football_Club_1906 http://dbpedia.org/resource/A.C._Torino http://dbpedia.org/resource/Torino_A.C. http://dbpedia.org/resource/Torino_F.C. http://dbpedia.org/resource/FC_Torino http://dbpedia.org/resource/Torino_Football_Club http://dbpedia.org/resource/AC_Torino"""
"CTRL_WIKI_SPO_serie_a_2019_20_members_NOISE2,""0"",""20"",""http://dbpedia.org/resource/S._Udinese_G.S. http://dbpedia.org/resource/Udinese_Calcio_1896 http://dbpedia.org/resource/Udinese_Calcio http://dbpedia.org/resource/Udinese"""
"CTRL_WIKI_SPO_serie_a_2019_20_members_NOISE2,""1"",""1"",""http://dbpedia.org/resource/Città_alta http://dbpedia.org/resource/History_of_Bergamo http://dbpedia.org/resource/Bèrghem_de_sura http://dbpedia.org/resource/UN/LOCODE:ITBGO http://dbpedia.org/resource/Bergamo,_Italy http://dbpedia.org/resource/Città_bassa http://dbpedia.org/resource/Bergamo http://dbpedia.org/resource/Citta_alta http://dbpedia.org/resource/Bergamum http://dbpedia.org/resource/Bergamascan http://dbpedia.org/resource/Bergame http://dbpedia.org/resource/Comune_di_Bergamo http://dbpedia.org/resource/Bèrghem_de_sóta http://dbpedia.org/resource/Bèrghem"""
"CTRL_WIKI_SPO_serie_a_2019_20_members_NOISE2,""1"",""2"",""http://dbpedia.org/resource/Commune_di_Bologna http://dbpedia.org/resource/Bologna,_Italy http://dbpedia.org/resource/בולוניה http://dbpedia.org/resource/Bologna_(Italy) http://dbpedia.org/resource/Bologne http://dbpedia.org/resource/UN/LOCODE:ITBLQ http://dbpedia.org/resource/Bolagna http://dbpedia.org/resource/Bolognese http://dbpedia.org/resource/Capital_of_Emilia-Romagna http://dbpedia.org/resource/Bologna http://dbpedia.org/resource/Bologna_italy http://dbpedia.org/resource/Bulåggna http://dbpedia.org/resource/Comune_di_Bologna http://dbpedia.org/resource/Felsina http://dbpedia.org/resource/History_of_Bologna"""
"CTRL_WIKI_SPO_serie_a_2019_20_members_NOISE2,""1"",""3"",""http://dbpedia.org/resource/History_of_Brescia http://dbpedia.org/resource/Bresa http://dbpedia.org/resource/Buffalora http://dbpedia.org/resource/Brèsa http://dbpedia.org/resource/Brescia,_Italy http://dbpedia.org/resource/Brescia http://dbpedia.org/resource/Bressa http://dbpedia.org/resource/Sant'Eufemia_della_Fonte"""
"CTRL_WIKI_SPO_serie_a_2019_20_members_NOISE2,""1"",""4"",""http://dbpedia.org/resource/Cagliari http://dbpedia.org/resource/Cagliari,_Italy http://dbpedia.org/resource/Capital_of_Sardinia http://dbpedia.org/resource/Caralis http://dbpedia.org/resource/Palma,_Sardinia http://dbpedia.org/resource/Cagliari_City_Council http://dbpedia.org/resource/Carales http://dbpedia.org/resource/Castel_di_Castro http://dbpedia.org/resource/Karalis http://dbpedia.org/resource/Casteddu http://dbpedia.org/resource/Κάραλις http://dbpedia.org/resource/UN/LOCODE:ITCAG"""
"CTRL_WIKI_SPO_serie_a_2019_20_members_NOISE2,""1"",""5"",""http://dbpedia.org/resource/Firenze http://dbpedia.org/resource/Montughi http://dbpedia.org/resource/2016_Florence_sinkhole http://dbpedia.org/resource/Firenze,_Italy http://dbpedia.org/resource/פירנצה http://dbpedia.org/resource/Florence_(Italy) http://dbpedia.org/resource/Florence http://dbpedia.org/resource/Folrenz http://dbpedia.org/resource/Gualfonda http://dbpedia.org/resource/Florence,_Italy http://dbpedia.org/resource/Frorence http://dbpedia.org/resource/Capital_of_Tuscany http://dbpedia.org/resource/UN/LOCODE:ITFLR"""
"CTRL_WIKI_SPO_serie_a_2019_20_members_NOISE2,""1"",""6"",""http://dbpedia.org/resource/History_of_Genoa http://dbpedia.org/resource/Genoa http://dbpedia.org/resource/Geona http://dbpedia.org/resource/Quarto_di_Genova http://dbpedia.org/resource/Genova http://dbpedia.org/resource/Genova,_Italy http://dbpedia.org/resource/Genoan http://dbpedia.org/resource/Genoa,_Italy http://dbpedia.org/resource/Flag_of_Genoa http://dbpedia.org/resource/Gènova http://dbpedia.org/resource/UN/LOCODE:ITGOA http://dbpedia.org/resource/Palazzo_Bianco_and_Palazzo_Rosso_Genoa http://dbpedia.org/resource/Capital_of_Liguria"""
"CTRL_WIKI_SPO_serie_a_2019_20_members_NOISE2,""1"",""7"",""http://dbpedia.org/resource/Vetona http://dbpedia.org/resource/San_Michele_Extra http://dbpedia.org/resource/Commune_of_Verona http://dbpedia.org/resource/Walsch-Bern http://dbpedia.org/resource/Verona http://dbpedia.org/resource/Welschbern http://dbpedia.org/resource/City_of_Verona http://dbpedia.org/resource/Wälsch-Bern http://dbpedia.org/resource/City_Of_Verona http://dbpedia.org/resource/Waelsch-Bern http://dbpedia.org/resource/UN/LOCODE:ITVRN http://dbpedia.org/resource/Verona,_Italy"""
"CTRL_WIKI_SPO_serie_a_2019_20_members_NOISE2,""1"",""8"",""http://dbpedia.org/resource/The_weather_in_Milan http://dbpedia.org/resource/Comune_di_Milano http://dbpedia.org/resource/Milan,_Spain http://dbpedia.org/resource/Capital_of_Lombardy http://dbpedia.org/resource/Lordship_of_Milan http://dbpedia.org/resource/Milanese_duchy http://dbpedia.org/resource/Milao http://dbpedia.org/resource/Milano http://dbpedia.org/resource/Mediolani http://dbpedia.org/resource/Milan_(Italy) http://dbpedia.org/resource/Milano,_Italy http://dbpedia.org/resource/UN/LOCODE:ITMIL http://dbpedia.org/resource/The_weather_in_Milano http://dbpedia.org/resource/History_of_Milan http://dbpedia.org/resource/Milan http://dbpedia.org/resource/Millaine http://dbpedia.org/resource/Milan,_Italy http://dbpedia.org/resource/Miláno http://dbpedia.org/resource/Milão http://dbpedia.org/resource/Milán"""
"CTRL_WIKI_SPO_serie_a_2019_20_members_NOISE2,""1"",""9"",""http://dbpedia.org/resource/City_of_Turin http://dbpedia.org/resource/San_Donato_District http://dbpedia.org/resource/Turin_(city) http://dbpedia.org/resource/Torino http://dbpedia.org/resource/Capital_of_Piedmont http://dbpedia.org/resource/UN/LOCODE:ITTRN http://dbpedia.org/resource/Turin,_Italy http://dbpedia.org/resource/Türì http://dbpedia.org/resource/Turino http://dbpedia.org/resource/Lucento http://dbpedia.org/resource/Taurinum http://dbpedia.org/resource/Torino,_Italy http://dbpedia.org/resource/Torinese http://dbpedia.org/resource/Augusta_Taurinorum http://dbpedia.org/resource/Turin http://dbpedia.org/resource/Turin_(Italy)"""
"CTRL_WIKI_SPO_serie_a_2019_20_members_NOISE2,""1"",""10"",""http://dbpedia.org/resource/Symbols_and_Trivia_of_Rome http://dbpedia.org/resource/The_weather_in_Rome http://dbpedia.org/resource/Rōma http://dbpedia.org/resource/Capital_city_of_italy http://dbpedia.org/resource/Roma_(city) http://dbpedia.org/resource/Comune_di_Roma http://dbpedia.org/resource/ROME http://dbpedia.org/resource/Rome,Italy http://dbpedia.org/resource/City_of_the_Seven_Hills http://dbpedia.org/resource/Roma,_Italia http://dbpedia.org/resource/Rome_(Italy) http://dbpedia.org/resource/UN/LOCODE:ITROM http://dbpedia.org/resource/Capital_of_Italy http://dbpedia.org/resource/Rome,_Republic_and_Empire http://dbpedia.org/resource/Capital_of_Lazio http://dbpedia.org/resource/Città_Eterna http://dbpedia.org/resource/Rome http://dbpedia.org/resource/Rome,_Lazio http://dbpedia.org/resource/Symbols_and_trivia_of_Rome http://dbpedia.org/resource/Roma,_Italy http://dbpedia.org/resource/Demographics_of_Rome http://dbpedia.org/resource/Rome_Italy http://dbpedia.org/resource/Rome,_Italy http://dbpedia.org/resource/City_of_Rome http://dbpedia.org/resource/Italian_capital"""
"CTRL_WIKI_SPO_serie_a_2019_20_members_NOISE2,""1"",""11"",""http://dbpedia.org/resource/Lecce,_Italy http://dbpedia.org/resource/Luppìu http://dbpedia.org/resource/Lecce http://dbpedia.org/resource/Lupiae"""
"CTRL_WIKI_SPO_serie_a_2019_20_members_NOISE2,""1"",""12"",""http://dbpedia.org/resource/The_weather_in_Milan http://dbpedia.org/resource/Comune_di_Milano http://dbpedia.org/resource/Milan,_Spain http://dbpedia.org/resource/Capital_of_Lombardy http://dbpedia.org/resource/Lordship_of_Milan http://dbpedia.org/resource/Milanese_duchy http://dbpedia.org/resource/Milao http://dbpedia.org/resource/Milano http://dbpedia.org/resource/Mediolani http://dbpedia.org/resource/Milan_(Italy) http://dbpedia.org/resource/Milano,_Italy http://dbpedia.org/resource/UN/LOCODE:ITMIL http://dbpedia.org/resource/The_weather_in_Milano http://dbpedia.org/resource/History_of_Milan http://dbpedia.org/resource/Milan http://dbpedia.org/resource/Millaine http://dbpedia.org/resource/Milan,_Italy http://dbpedia.org/resource/Miláno http://dbpedia.org/resource/Milão http://dbpedia.org/resource/Milán"""
"CTRL_WIKI_SPO_serie_a_2019_20_members_NOISE2,""1"",""13"",""http://dbpedia.org/resource/Naples,_Italy http://dbpedia.org/resource/In_Naples http://dbpedia.org/resource/Napule http://dbpedia.org/resource/The_weather_in_Napoli http://dbpedia.org/resource/Historic_Centre_of_Naples http://dbpedia.org/resource/Neapel http://dbpedia.org/resource/UN/LOCODE:ITNAP http://dbpedia.org/resource/Napoli,_Italy http://dbpedia.org/resource/Nàpule http://dbpedia.org/resource/The_weather_in_Naples http://dbpedia.org/resource/Municipalities_of_Naples http://dbpedia.org/resource/Administrative_divisions_of_Naples http://dbpedia.org/resource/Naples_(Italy) http://dbpedia.org/resource/Napoli http://dbpedia.org/resource/Capital_of_Campania http://dbpedia.org/resource/Naplese http://dbpedia.org/resource/Naples http://dbpedia.org/resource/Quarters_of_Naples"""
"CTRL_WIKI_SPO_serie_a_2019_20_members_NOISE2,""1"",""14"",""http://dbpedia.org/resource/Parma http://dbpedia.org/resource/Parma,_Italy http://dbpedia.org/resource/Parme http://dbpedia.org/resource/San_Prospero_Parmense http://dbpedia.org/resource/Parma_(Italy)"""
"CTRL_WIKI_SPO_serie_a_2019_20_members_NOISE2,""1"",""15"",""http://dbpedia.org/resource/Symbols_and_Trivia_of_Rome http://dbpedia.org/resource/The_weather_in_Rome http://dbpedia.org/resource/Rōma http://dbpedia.org/resource/Capital_city_of_italy http://dbpedia.org/resource/Roma_(city) http://dbpedia.org/resource/Comune_di_Roma http://dbpedia.org/resource/ROME http://dbpedia.org/resource/Rome,Italy http://dbpedia.org/resource/City_of_the_Seven_Hills http://dbpedia.org/resource/Roma,_Italia http://dbpedia.org/resource/Rome_(Italy) http://dbpedia.org/resource/UN/LOCODE:ITROM http://dbpedia.org/resource/Capital_of_Italy http://dbpedia.org/resource/Rome,_Republic_and_Empire http://dbpedia.org/resource/Capital_of_Lazio http://dbpedia.org/resource/Città_Eterna http://dbpedia.org/resource/Rome http://dbpedia.org/resource/Rome,_Lazio http://dbpedia.org/resource/Symbols_and_trivia_of_Rome http://dbpedia.org/resource/Roma,_Italy http://dbpedia.org/resource/Demographics_of_Rome http://dbpedia.org/resource/Rome_Italy http://dbpedia.org/resource/Rome,_Italy http://dbpedia.org/resource/City_of_Rome http://dbpedia.org/resource/Italian_capital"""
"CTRL_WIKI_SPO_serie_a_2019_20_members_NOISE2,""1"",""16"",""http://dbpedia.org/resource/History_of_Genoa http://dbpedia.org/resource/Genoa http://dbpedia.org/resource/Geona http://dbpedia.org/resource/Quarto_di_Genova http://dbpedia.org/resource/Genova http://dbpedia.org/resource/Genova,_Italy http://dbpedia.org/resource/Genoan http://dbpedia.org/resource/Genoa,_Italy http://dbpedia.org/resource/Flag_of_Genoa http://dbpedia.org/resource/Gènova http://dbpedia.org/resource/UN/LOCODE:ITGOA http://dbpedia.org/resource/Palazzo_Bianco_and_Palazzo_Rosso_Genoa http://dbpedia.org/resource/Capital_of_Liguria"""
"CTRL_WIKI_SPO_serie_a_2019_20_members_NOISE2,""1"",""17"",""http://dbpedia.org/resource/Sassuolo"""
"CTRL_WIKI_SPO_serie_a_2019_20_members_NOISE2,""1"",""18"",""http://dbpedia.org/resource/Ferrara http://dbpedia.org/resource/Pontelagoscuro http://dbpedia.org/resource/UN/LOCODE:ITFRR http://dbpedia.org/resource/History_of_Ferrara http://dbpedia.org/resource/Ferrara,_Italy http://dbpedia.org/resource/Ferarra"""
"CTRL_WIKI_SPO_serie_a_2019_20_members_NOISE2,""1"",""19"",""http://dbpedia.org/resource/City_of_Turin http://dbpedia.org/resource/San_Donato_District http://dbpedia.org/resource/Turin_(city) http://dbpedia.org/resource/Torino http://dbpedia.org/resource/Capital_of_Piedmont http://dbpedia.org/resource/UN/LOCODE:ITTRN http://dbpedia.org/resource/Turin,_Italy http://dbpedia.org/resource/Türì http://dbpedia.org/resource/Turino http://dbpedia.org/resource/Lucento http://dbpedia.org/resource/Taurinum http://dbpedia.org/resource/Torino,_Italy http://dbpedia.org/resource/Torinese http://dbpedia.org/resource/Augusta_Taurinorum http://dbpedia.org/resource/Turin http://dbpedia.org/resource/Turin_(Italy)"""
"CTRL_WIKI_SPO_serie_a_2019_20_members_NOISE2,""1"",""20"",""http://dbpedia.org/resource/Names_of_Udine http://dbpedia.org/resource/Udine,_Italy http://dbpedia.org/resource/UN/LOCODE:ITUDN http://dbpedia.org/resource/Udine http://dbpedia.org/resource/History_of_Udine"""
"CTRL_WIKI_SPO_serie_a_2019_20_members_NOISE2,""2"",""1"",""http://dbpedia.org/resource/Stadio_Atleti_Azzurri_d'Italia http://dbpedia.org/resource/Atleti_Azzurri_d'Italia"""
"CTRL_WIKI_SPO_serie_a_2019_20_members_NOISE2,""2"",""2"",""http://dbpedia.org/resource/Stadio_Renato_dall%60Ara http://dbpedia.org/resource/Stadio_Dallara http://dbpedia.org/resource/Stadio_Littoriale http://dbpedia.org/resource/Stadio_Littorale http://dbpedia.org/resource/Stadio_Renato_Dall'Ara http://dbpedia.org/resource/Renato_Dall'Ara http://dbpedia.org/resource/Stadio_Renato_dall'Ara"""
"CTRL_WIKI_SPO_serie_a_2019_20_members_NOISE2,""2"",""3"",""http://dbpedia.org/resource/Stadio_Mario_Rigamonti"""
"CTRL_WIKI_SPO_serie_a_2019_20_members_NOISE2,""2"",""5"",""http://dbpedia.org/resource/Stadio_Giovanni_Berta http://dbpedia.org/resource/Stadio_Artemio_Franchi_(Florence) http://dbpedia.org/resource/Stadio_Artemio_Franchi http://dbpedia.org/resource/Stadio_Comunale_(Florence)"""
"CTRL_WIKI_SPO_serie_a_2019_20_members_NOISE2,""2"",""6"",""http://dbpedia.org/resource/Marassi http://dbpedia.org/resource/Stadio_Marassi http://dbpedia.org/resource/Stadio_Luigi_Ferraris http://dbpedia.org/resource/Luigi_Ferraris_Stadium"""
"CTRL_WIKI_SPO_serie_a_2019_20_members_NOISE2,""2"",""7"",""http://dbpedia.org/resource/Stadio_Marc'Antonio_Bentegodi http://dbpedia.org/resource/Stadio_Marcantonio_Bentegodi"""
"CTRL_WIKI_SPO_serie_a_2019_20_members_NOISE2,""2"",""8"",""http://dbpedia.org/resource/San_Siro_(stadium) http://dbpedia.org/resource/Stadio_San_Siro http://dbpedia.org/resource/Stadio_Guiseppe_Meazza http://dbpedia.org/resource/San_Siro_Stadium http://dbpedia.org/resource/San_Siro http://dbpedia.org/resource/Giuseppe_Meazza_Stadium http://dbpedia.org/resource/Stadio_Giuseppe_Meazza"""
"CTRL_WIKI_SPO_serie_a_2019_20_members_NOISE2,""2"",""9"",""http://dbpedia.org/resource/Juventus_Stadium http://dbpedia.org/resource/Juventus_Arena"""
"CTRL_WIKI_SPO_serie_a_2019_20_members_NOISE2,""2"",""10"",""http://dbpedia.org/resource/Olympic_Stadium,_Rome http://dbpedia.org/resource/Stadio_Olimpico http://dbpedia.org/resource/Stadio_Olimpico,_Rom http://dbpedia.org/resource/Stadio_Olimpico,_Rome http://dbpedia.org/resource/Stadio_Olimpico_di_Roma http://dbpedia.org/resource/Olympic_Stadium_(Rome) http://dbpedia.org/resource/Olimpico"""
"CTRL_WIKI_SPO_serie_a_2019_20_members_NOISE2,""2"",""11"",""http://dbpedia.org/resource/Stadio_Via_del_Mare"""
"CTRL_WIKI_SPO_serie_a_2019_20_members_NOISE2,""2"",""12"",""http://dbpedia.org/resource/San_Siro_(stadium) http://dbpedia.org/resource/Stadio_San_Siro http://dbpedia.org/resource/Stadio_Guiseppe_Meazza http://dbpedia.org/resource/San_Siro_Stadium http://dbpedia.org/resource/San_Siro http://dbpedia.org/resource/Giuseppe_Meazza_Stadium http://dbpedia.org/resource/Stadio_Giuseppe_Meazza"""
"CTRL_WIKI_SPO_serie_a_2019_20_members_NOISE2,""2"",""13"",""http://dbpedia.org/resource/Stadio_%22San_Paolo%22_di_Napoli http://dbpedia.org/resource/San_Paolo_Stadium http://dbpedia.org/resource/Stadio_San_Paolo"""
"CTRL_WIKI_SPO_serie_a_2019_20_members_NOISE2,""2"",""14"",""http://dbpedia.org/resource/Il_Tardini http://dbpedia.org/resource/Ennio_Tardini_Stadium http://dbpedia.org/resource/Stadio_Comunale_Ennio_Tardini http://dbpedia.org/resource/Stadio_Ennio_Tardini"""
"CTRL_WIKI_SPO_serie_a_2019_20_members_NOISE2,""2"",""15"",""http://dbpedia.org/resource/Olympic_Stadium,_Rome http://dbpedia.org/resource/Stadio_Olimpico http://dbpedia.org/resource/Stadio_Olimpico,_Rom http://dbpedia.org/resource/Stadio_Olimpico,_Rome http://dbpedia.org/resource/Stadio_Olimpico_di_Roma http://dbpedia.org/resource/Olympic_Stadium_(Rome) http://dbpedia.org/resource/Olimpico"""
"CTRL_WIKI_SPO_serie_a_2019_20_members_NOISE2,""2"",""16"",""http://dbpedia.org/resource/Marassi http://dbpedia.org/resource/Stadio_Marassi http://dbpedia.org/resource/Stadio_Luigi_Ferraris http://dbpedia.org/resource/Luigi_Ferraris_Stadium"""
"CTRL_WIKI_SPO_serie_a_2019_20_members_NOISE2,""2"",""17"",""http://dbpedia.org/resource/Stadio_del_Giglio http://dbpedia.org/resource/Stadio_Mapei_–_Città_del_Tricolore http://dbpedia.org/resource/Stadio_Giglio http://dbpedia.org/resource/Mapei_Stadium_–_Citta_del_Tricolore http://dbpedia.org/resource/Mapei_Stadium_-_Città_del_Tricolore http://dbpedia.org/resource/Mapei_Stadium_–_Città_del_Tricolore http://dbpedia.org/resource/Mapei_Stadium http://dbpedia.org/resource/Stadio_Città_del_Tricolore http://dbpedia.org/resource/Mapei_Stadium_-_Citta_del_Tricolore http://dbpedia.org/resource/Stadio_Mapei_-_Città_del_Tricolore http://dbpedia.org/resource/Stadio_Citta_del_Tricolore"""
"CTRL_WIKI_SPO_serie_a_2019_20_members_NOISE2,""2"",""18"",""http://dbpedia.org/resource/Stadio_Paolo_Mazza"""
"CTRL_WIKI_SPO_serie_a_2019_20_members_NOISE2,""2"",""19"",""http://dbpedia.org/resource/Stadio_Olimpico_di_Torino http://dbpedia.org/resource/Stadio_Olimpico_Grande_Torino http://dbpedia.org/resource/Stadio_Olimpico_(Torino) http://dbpedia.org/resource/Stadio_Mussolini http://dbpedia.org/resource/Olympic_stadium_of_Turin http://dbpedia.org/resource/Stadio_Benito_Mussolini http://dbpedia.org/resource/Stadio_Olimpico_(Turin) http://dbpedia.org/resource/Stadio_Grande_Torino http://dbpedia.org/resource/Stadio_Comunale_di_Torino"""
"CTRL_WIKI_SPO_serie_a_2019_20_members_NOISE2,""2"",""20"",""http://dbpedia.org/resource/Stadio_Friuli http://dbpedia.org/resource/Dacia_Arena"""
