"TOUGH_T2D_SPO_1438042989018_40_20150728002309-00067-ip-10-236-191-2_57714692_2___bowling_NOISE2,""0"",""1"",""http://dbpedia.org/resource/Philip_John_Newport http://dbpedia.org/resource/Phil_John_Newport http://dbpedia.org/resource/Philip_Newport http://dbpedia.org/resource/Phil_Newport"""
"TOUGH_T2D_SPO_1438042989018_40_20150728002309-00067-ip-10-236-191-2_57714692_2___bowling_NOISE2,""0"",""2"",""http://dbpedia.org/resource/Paul_Thomas_(cricketer)"""
"TOUGH_T2D_SPO_1438042989018_40_20150728002309-00067-ip-10-236-191-2_57714692_2___bowling_NOISE2,""0"",""3"",""http://dbpedia.org/resource/Gavin_Haynes"""
"TOUGH_T2D_SPO_1438042989018_40_20150728002309-00067-ip-10-236-191-2_57714692_2___bowling_NOISE2,""0"",""4"",""http://dbpedia.org/resource/Stuart_Lampitt"""
"TOUGH_T2D_SPO_1438042989018_40_20150728002309-00067-ip-10-236-191-2_57714692_2___bowling_NOISE2,""0"",""5"",""http://dbpedia.org/resource/Vikram_Solanki"""
"TOUGH_T2D_SPO_1438042989018_40_20150728002309-00067-ip-10-236-191-2_57714692_2___bowling_NOISE2,""0"",""6"",""http://dbpedia.org/resource/Phil_Weston http://dbpedia.org/resource/Philip_Weston"""
