"TOUGH_WEB_MISC_wiki_2019_20_premier_league_personnel_and_kits,""0"",""1"",""http://dbpedia.org/resource/Arsenal_London http://dbpedia.org/resource/Arsenal_F._C. http://dbpedia.org/resource/ARSENAL_FOOTBALL_CLUB http://dbpedia.org/resource/Arsenal_Gunners http://dbpedia.org/resource/List_of_current_Arsenal_FC_players http://dbpedia.org/resource/Arsenal_F_C http://dbpedia.org/resource/Arsenal_F.C. http://dbpedia.org/resource/Arsenal_f._c. http://dbpedia.org/resource/The_Gunners http://dbpedia.org/resource/Arsenal_appreciation http://dbpedia.org/resource/Arsenal:The_Official_Magazine http://dbpedia.org/resource/Wolwich_Arsenal http://dbpedia.org/resource/Arsenal_Football_Club http://dbpedia.org/resource/Victoria_Concordia_Crescit http://dbpedia.org/resource/Royal_Arsenal_F.C. http://dbpedia.org/resource/The_Gooners http://dbpedia.org/resource/Arsenal.com http://dbpedia.org/resource/Woolwich_Arsenal_F.C. http://dbpedia.org/resource/Arsenal.F.C http://dbpedia.org/resource/Dial_Square http://dbpedia.org/resource/FC_Arsenal http://dbpedia.org/resource/Arsenal_FC http://dbpedia.org/resource/Arsenal_F.C http://dbpedia.org/resource/The_Arsenal http://dbpedia.org/resource/Arsenal_fc"""
"TOUGH_WEB_MISC_wiki_2019_20_premier_league_personnel_and_kits,""0"",""2"",""http://dbpedia.org/resource/Villa_football_club http://dbpedia.org/resource/Aston_vil http://dbpedia.org/resource/Aston_Villa_Football_Club http://dbpedia.org/resource/Aston_Villa_FC http://dbpedia.org/resource/Aston_Villa http://dbpedia.org/resource/Aston_Villa_F_C http://dbpedia.org/resource/Aston_Villa_F._C. http://dbpedia.org/resource/Aston_Villa_Hall_of_Fame http://dbpedia.org/resource/Aston_Villa_F.C. http://dbpedia.org/resource/AVFC http://dbpedia.org/resource/Aston_villa http://dbpedia.org/resource/Villa_News_and_Record http://dbpedia.org/resource/Aston_Villa_F.C"""
"TOUGH_WEB_MISC_wiki_2019_20_premier_league_personnel_and_kits,""0"",""3"",""http://dbpedia.org/resource/Association_Football_Club_Bournemouth http://dbpedia.org/resource/AFC_Bournemouth http://dbpedia.org/resource/A.F.C._Bournemouth http://dbpedia.org/resource/Afc_bournemouth http://dbpedia.org/resource/Bournemouth_&_Boscombe_Athletic http://dbpedia.org/resource/Bournemouth_A.F.C. http://dbpedia.org/resource/A.F.C._Bournemouth_&_Boscombe_Athletic http://dbpedia.org/resource/Bournemouth_AFC http://dbpedia.org/resource/Boscombe_F.C. http://dbpedia.org/resource/A._F._C._Bournemouth http://dbpedia.org/resource/A_F_C_Bournemouth http://dbpedia.org/resource/FC_Bournemouth http://dbpedia.org/resource/Bournemouth_&_Boscombe_Athletic_F.C. http://dbpedia.org/resource/F.C._Bournemouth http://dbpedia.org/resource/The_Cherries http://dbpedia.org/resource/Afc_Bournemouth"""
"TOUGH_WEB_MISC_wiki_2019_20_premier_league_personnel_and_kits,""0"",""4"",""http://dbpedia.org/resource/B&HA http://dbpedia.org/resource/Brighton_&_Hove_Albion http://dbpedia.org/resource/Brighton_and_Hove_Albion http://dbpedia.org/resource/Brighton_and_Hove_Albion_F.C. http://dbpedia.org/resource/BHAFC http://dbpedia.org/resource/Brighton_&_Hove_Albion_F.C http://dbpedia.org/resource/Brighton_&_Hove_Albion_FC http://dbpedia.org/resource/Brighton_&_Hove_Albion_F._C. http://dbpedia.org/resource/Brighton_and_Hove_Albion_Football_Club http://dbpedia.org/resource/Brighton_and_Hove_Albion_FC http://dbpedia.org/resource/Brighton_&_Hove_Albion_Football_Club http://dbpedia.org/resource/Brighton_and_hove_albion http://dbpedia.org/resource/Brighton_&_Hove_Albion_F.C. http://dbpedia.org/resource/Brighton_&_Hove_Albion_F_C"""
"TOUGH_WEB_MISC_wiki_2019_20_premier_league_personnel_and_kits,""0"",""5"",""http://dbpedia.org/resource/Burnley_F_C http://dbpedia.org/resource/Burnley_F._C. http://dbpedia.org/resource/Clarets http://dbpedia.org/resource/Burnley_F.C. http://dbpedia.org/resource/Burnley_Football_Club http://dbpedia.org/resource/The_Clarets http://dbpedia.org/resource/Dingle_FC http://dbpedia.org/resource/Burnley_FC http://dbpedia.org/resource/Burnley_F.C http://dbpedia.org/resource/Burnley_fc"""
"TOUGH_WEB_MISC_wiki_2019_20_premier_league_personnel_and_kits,""0"",""6"",""http://dbpedia.org/resource/Chelse_FC%5C http://dbpedia.org/resource/Chelsea_Player_of_the_Year http://dbpedia.org/resource/Fc_chelsea http://dbpedia.org/resource/Chelsea_FC_Squad http://dbpedia.org/resource/Full_Chelsea_FC_Squad http://dbpedia.org/resource/Chelsea_football_club http://dbpedia.org/resource/Chelsea_FC_Plc http://dbpedia.org/resource/The_Pensioners http://dbpedia.org/resource/Cheslea_fc http://dbpedia.org/resource/Chelsea_FC http://dbpedia.org/resource/Chelsea_fc http://dbpedia.org/resource/The_Blues_(London) http://dbpedia.org/resource/Chelsea_Football_Club http://dbpedia.org/resource/Chelsea_F.C http://dbpedia.org/resource/Chelsea_FC_London http://dbpedia.org/resource/Chelsea_F.C. http://dbpedia.org/resource/FC_Chelsea http://dbpedia.org/resource/Chelsea's http://dbpedia.org/resource/Chelseafc http://dbpedia.org/resource/Chelsea_F_C http://dbpedia.org/resource/Chelsea_F._C. http://dbpedia.org/resource/Chelsea_London_F.C. http://dbpedia.org/resource/Chelsea_player_of_the_year"""
"TOUGH_WEB_MISC_wiki_2019_20_premier_league_personnel_and_kits,""0"",""7"",""http://dbpedia.org/resource/Crystal_palace_fc. http://dbpedia.org/resource/Crystal_Palace_F_C http://dbpedia.org/resource/CPFC http://dbpedia.org/resource/Crystal_palace_fc http://dbpedia.org/resource/Crystal_Palace_(football_club) http://dbpedia.org/resource/Crystal_Palace_F.C._Reserves http://dbpedia.org/resource/Crystal_palace_f.c http://dbpedia.org/resource/Crystal_Palace_F.C. http://dbpedia.org/resource/Crystal_Palace_Football_Club http://dbpedia.org/resource/Crystal_Palace_F._C. http://dbpedia.org/resource/Cpfc http://dbpedia.org/resource/C.P.F.C. http://dbpedia.org/resource/Chrystal_Palace_F.C. http://dbpedia.org/resource/F.C_Crystal_Palace http://dbpedia.org/resource/Crystal_Palace_FC http://dbpedia.org/resource/C.P.F.C"""
"TOUGH_WEB_MISC_wiki_2019_20_premier_league_personnel_and_kits,""0"",""8"",""http://dbpedia.org/resource/St._Domingo's_F.C. http://dbpedia.org/resource/Everton_FC http://dbpedia.org/resource/Everton_fc http://dbpedia.org/resource/The_Everton_Song http://dbpedia.org/resource/Everton_F.C. http://dbpedia.org/resource/The_Toffees http://dbpedia.org/resource/The_School_of_Science http://dbpedia.org/resource/Everton_F._C. http://dbpedia.org/resource/Everton_F_C http://dbpedia.org/resource/Everton_Football_Club http://dbpedia.org/resource/Everton_Giant http://dbpedia.org/resource/Toffeemen http://dbpedia.org/resource/Everton_F.C http://dbpedia.org/resource/The_Toffeemen http://dbpedia.org/resource/Evertonian http://dbpedia.org/resource/Toffees http://dbpedia.org/resource/The_Blues_(Liverpool) http://dbpedia.org/resource/E.F.C. http://dbpedia.org/resource/The_People's_Club"""
"TOUGH_WEB_MISC_wiki_2019_20_premier_league_personnel_and_kits,""0"",""9"",""http://dbpedia.org/resource/Leicester_City_football_club http://dbpedia.org/resource/Leicester_City_F_C http://dbpedia.org/resource/Leicetser_City_F.C. http://dbpedia.org/resource/Leicester_city_football_club http://dbpedia.org/resource/Leicester_Fosse http://dbpedia.org/resource/Leicester_Fosse_FC http://dbpedia.org/resource/Leicester_Fosse_F.C. http://dbpedia.org/resource/Leicester_City http://dbpedia.org/resource/Leicester_f.c http://dbpedia.org/resource/Filbert_the_Fox http://dbpedia.org/resource/Leicester_City_F.C._staff http://dbpedia.org/resource/Leicester_City_FC http://dbpedia.org/resource/Leicester_City_F.C. http://dbpedia.org/resource/Leicester_XI http://dbpedia.org/resource/Leicester_City_Football_Club http://dbpedia.org/resource/Leicester_City_F._C. http://dbpedia.org/resource/Leicester_City_F.C"""
"TOUGH_WEB_MISC_wiki_2019_20_premier_league_personnel_and_kits,""0"",""10"",""http://dbpedia.org/resource/FC_Liverpool http://dbpedia.org/resource/Through_the_wind_and_rain http://dbpedia.org/resource/Liverpool_F.C. http://dbpedia.org/resource/Liverpool_Football_Club http://dbpedia.org/resource/Liverpool_F.C._Player_of_the_Season http://dbpedia.org/resource/Liverpool_Fc http://dbpedia.org/resource/Through_the_Wind_and_Rain http://dbpedia.org/resource/Liverpool_F_C http://dbpedia.org/resource/Player_of_the_Season http://dbpedia.org/resource/Koppites http://dbpedia.org/resource/KOP_Choir http://dbpedia.org/resource/Kopite http://dbpedia.org/resource/Liverpool_FC http://dbpedia.org/resource/Liverpool_F._C http://dbpedia.org/resource/Liverpool_Collective http://dbpedia.org/resource/Liverpool_f.c. http://dbpedia.org/resource/Liverpool_football_club http://dbpedia.org/resource/Liverpool_F._C. http://dbpedia.org/resource/Liverpool_footballl_club http://dbpedia.org/resource/L.F.C. http://dbpedia.org/resource/The_Road_End http://dbpedia.org/resource/Liverpool_fc http://dbpedia.org/resource/Kopites http://dbpedia.org/resource/Liverpool_F.C"""
"TOUGH_WEB_MISC_wiki_2019_20_premier_league_personnel_and_kits,""0"",""11"",""http://dbpedia.org/resource/Manchester_City_F.C http://dbpedia.org/resource/Manchester_city_fc http://dbpedia.org/resource/Manchester_City_FC http://dbpedia.org/resource/The_Blues_(Manchester) http://dbpedia.org/resource/Mancity http://dbpedia.org/resource/Manchester_C http://dbpedia.org/resource/Ardwick_A.F.C. http://dbpedia.org/resource/Manchester_City_F.C. http://dbpedia.org/resource/Man._City http://dbpedia.org/resource/Manchester_City_F._C. http://dbpedia.org/resource/John_Wardle_(businessman) http://dbpedia.org/resource/Man_C http://dbpedia.org/resource/Ardwick_Association_Football_Club http://dbpedia.org/resource/Manchester_City http://dbpedia.org/resource/Man_City_FC http://dbpedia.org/resource/Ardwick_AFC http://dbpedia.org/resource/Manchester_City_Citizens http://dbpedia.org/resource/Man_c http://dbpedia.org/resource/Ardwick_F.C. http://dbpedia.org/resource/Man_City http://dbpedia.org/resource/Manchester_city http://dbpedia.org/resource/Man_city http://dbpedia.org/resource/Manchester_City_Football_Club http://dbpedia.org/resource/Manchester_City_F_C"""
"TOUGH_WEB_MISC_wiki_2019_20_premier_league_personnel_and_kits,""0"",""12"",""http://dbpedia.org/resource/Man._u http://dbpedia.org/resource/Mufc http://dbpedia.org/resource/MUFC http://dbpedia.org/resource/Man_Utd http://dbpedia.org/resource/Man_UTD http://dbpedia.org/resource/Manchester_Untied_F.C. http://dbpedia.org/resource/Newton_Heath_L&YR_FC http://dbpedia.org/resource/ManU http://dbpedia.org/resource/Manchester+United http://dbpedia.org/resource/Manchester_unted http://dbpedia.org/resource/Man_United http://dbpedia.org/resource/Manchester_United_FC http://dbpedia.org/resource/Manchester_United_F._C. http://dbpedia.org/resource/Manchester_United http://dbpedia.org/resource/Fc_man_utd http://dbpedia.org/resource/Manchester_Red_Devils http://dbpedia.org/resource/Manchester_United_F_C http://dbpedia.org/resource/Man_U http://dbpedia.org/resource/F.c._man_utd http://dbpedia.org/resource/Manchester_Utd_FC http://dbpedia.org/resource/Manc_united http://dbpedia.org/resource/Manchester_U http://dbpedia.org/resource/Manchester_united http://dbpedia.org/resource/Man_Yoo http://dbpedia.org/resource/M.U.F.C. http://dbpedia.org/resource/Manchester_Utd http://dbpedia.org/resource/Manchester_United_Football_Squad http://dbpedia.org/resource/Newton_Heath_LYR_F.C. http://dbpedia.org/resource/ManUtd http://dbpedia.org/resource/Newton_Heath_F.C. http://dbpedia.org/resource/Manchester_United_F.C. http://dbpedia.org/resource/Machester_United http://dbpedia.org/resource/Manchester_United_plc http://dbpedia.org/resource/Manchester_united_F.C. http://dbpedia.org/resource/Man._United http://dbpedia.org/resource/Manchester_Utd. http://dbpedia.org/resource/Man_u http://dbpedia.org/resource/Manutd http://dbpedia.org/resource/ManYoo http://dbpedia.org/resource/Manchester_united_squad http://dbpedia.org/resource/Manchester_United_Football_Club http://dbpedia.org/resource/Manchester_United_F.C http://dbpedia.org/resource/Man-U http://dbpedia.org/resource/Man_utd http://dbpedia.org/resource/Newton_Heath_L&YR_F.C."""
"TOUGH_WEB_MISC_wiki_2019_20_premier_league_personnel_and_kits,""0"",""13"",""http://dbpedia.org/resource/Newcastle_utd http://dbpedia.org/resource/Nufc http://dbpedia.org/resource/Newcastle_United_F.C http://dbpedia.org/resource/Newcastle_UFC http://dbpedia.org/resource/Newcastle_united_fc http://dbpedia.org/resource/Newcastle_United_FC http://dbpedia.org/resource/The_toon http://dbpedia.org/resource/Newcastle_United_Football_Club http://dbpedia.org/resource/Newcastle_united http://dbpedia.org/resource/United_For_Newcastle http://dbpedia.org/resource/Newcastle_United_F_C http://dbpedia.org/resource/Newcastle_Untied_F.C. http://dbpedia.org/resource/Newcastle_United http://dbpedia.org/resource/Newcastle_United_F._C. http://dbpedia.org/resource/NUFC.com http://dbpedia.org/resource/Nufc.com http://dbpedia.org/resource/Newcastle_Utd http://dbpedia.org/resource/Toon_Army http://dbpedia.org/resource/Newcastle_United_F.C. http://dbpedia.org/resource/NUFC"""
"TOUGH_WEB_MISC_wiki_2019_20_premier_league_personnel_and_kits,""0"",""14"",""http://dbpedia.org/resource/Norwich_city http://dbpedia.org/resource/Norwich_City http://dbpedia.org/resource/Norwich_CityF.C. http://dbpedia.org/resource/Norwich_City_FC. http://dbpedia.org/resource/Norwich_city_fc http://dbpedia.org/resource/NorwichFC http://dbpedia.org/resource/Norwich_City_Football_Club http://dbpedia.org/resource/Norwich_FC http://dbpedia.org/resource/Norwich_City_F.C. http://dbpedia.org/resource/Norwich_City_F_C http://dbpedia.org/resource/Norwich_fc http://dbpedia.org/resource/Norwich_F.C. http://dbpedia.org/resource/Norwich_City_F._C. http://dbpedia.org/resource/Norwich_City_FC http://dbpedia.org/resource/Norwich_City_F.C http://dbpedia.org/resource/Canary_Call http://dbpedia.org/resource/Norwich_City_Soccer_Club"""
"TOUGH_WEB_MISC_wiki_2019_20_premier_league_personnel_and_kits,""0"",""15"",""http://dbpedia.org/resource/Sheffield_United_F_C http://dbpedia.org/resource/Sheffield_United http://dbpedia.org/resource/Sheffield_Untied_F.C. http://dbpedia.org/resource/Sheffield_United_F._C. http://dbpedia.org/resource/Sheffield_United_FC http://dbpedia.org/resource/Sheffield_United_A.F.C. http://dbpedia.org/resource/Piggy_Blunts http://dbpedia.org/resource/Sheff_Utd http://dbpedia.org/resource/Sheffield_Utd http://dbpedia.org/resource/Sheff_U http://dbpedia.org/resource/Sheffield_United_F.C http://dbpedia.org/resource/Red_and_White_Wizards http://dbpedia.org/resource/Thrash_Wednesday http://dbpedia.org/resource/Sheffield_United_F.C. http://dbpedia.org/resource/Sheffield_United_Football_Club"""
"TOUGH_WEB_MISC_wiki_2019_20_premier_league_personnel_and_kits,""0"",""16"",""http://dbpedia.org/resource/Saints_FC http://dbpedia.org/resource/Southampton_F.C http://dbpedia.org/resource/Southampton_St._Mary's_F.C. http://dbpedia.org/resource/Saints_Football_Club http://dbpedia.org/resource/St._Mary's_Y.M.A. http://dbpedia.org/resource/Dr_barry_gale http://dbpedia.org/resource/St._Mary's_Y.M.A._F.C. http://dbpedia.org/resource/Southampton_FC http://dbpedia.org/resource/Southampton_fc http://dbpedia.org/resource/Southampton_F.C. http://dbpedia.org/resource/Soton_FC http://dbpedia.org/resource/Southampton_Football_Club http://dbpedia.org/resource/Southampton_F_C http://dbpedia.org/resource/Soton_F.C. http://dbpedia.org/resource/Barry_Gale http://dbpedia.org/resource/Southampton_St_Mary's http://dbpedia.org/resource/St_Mary's_YMA"""
"TOUGH_WEB_MISC_wiki_2019_20_premier_league_personnel_and_kits,""0"",""17"",""http://dbpedia.org/resource/Tottenham_Hotspur_F.C http://dbpedia.org/resource/Tottenham_Hotspur_FC http://dbpedia.org/resource/Hotspurs http://dbpedia.org/resource/Tottenham_Hotspur_Football_Club http://dbpedia.org/resource/Thfc http://dbpedia.org/resource/Tottenham_Hotspurs_FC http://dbpedia.org/resource/FC_Tottenham http://dbpedia.org/resource/Tottenham_Hostpur http://dbpedia.org/resource/Tottenham_FC http://dbpedia.org/resource/Tottenham_Hotspur_F.C. http://dbpedia.org/resource/THFC http://dbpedia.org/resource/Tottenham_Hotspur http://dbpedia.org/resource/Tottenham_Hotspurs http://dbpedia.org/resource/Audere_est_facere http://dbpedia.org/resource/Spurs_FC http://dbpedia.org/resource/The_lilywhites http://dbpedia.org/resource/Tottenham_Hotspur_F._C. http://dbpedia.org/resource/Tottenham_Hotspur_F_C http://dbpedia.org/resource/Tottenham_Hotspur_Foundation http://dbpedia.org/resource/Tottenham_Hotspurs_F.C. http://dbpedia.org/resource/COYS http://dbpedia.org/resource/Spurs_manager http://dbpedia.org/resource/Hotspur_Football_Club http://dbpedia.org/resource/Yid_Army http://dbpedia.org/resource/Hotspur_F.C."""
"TOUGH_WEB_MISC_wiki_2019_20_premier_league_personnel_and_kits,""0"",""18"",""http://dbpedia.org/resource/Watford_Town_F.C. http://dbpedia.org/resource/Watford_F.C._squad http://dbpedia.org/resource/West_Hertfordshire_F.C. http://dbpedia.org/resource/Watfordfc.com http://dbpedia.org/resource/Watford_Football_Club http://dbpedia.org/resource/Watford_F_C http://dbpedia.org/resource/The_hornets http://dbpedia.org/resource/Watford_A.F.C. http://dbpedia.org/resource/Watford_Rovers http://dbpedia.org/resource/Watford_F.C http://dbpedia.org/resource/The_'Orns http://dbpedia.org/resource/W.F.C. http://dbpedia.org/resource/Watford_F.C. http://dbpedia.org/resource/Watford_Rovers_F.C. http://dbpedia.org/resource/Watford_fc http://dbpedia.org/resource/Watford_F._C. http://dbpedia.org/resource/West_Herts_F.C. http://dbpedia.org/resource/Watford_FC http://dbpedia.org/resource/The_yellow_hornets"""
"TOUGH_WEB_MISC_wiki_2019_20_premier_league_personnel_and_kits,""0"",""19"",""http://dbpedia.org/resource/West_Ham_United http://dbpedia.org/resource/West_Ham_Utd http://dbpedia.org/resource/Whufc http://dbpedia.org/resource/West_Ham_United_F._C. http://dbpedia.org/resource/West_Ham_United_F_C http://dbpedia.org/resource/West_Ham_United_FC http://dbpedia.org/resource/West_Ham_United_Football_Club http://dbpedia.org/resource/The_Irons http://dbpedia.org/resource/WHUFC http://dbpedia.org/resource/West_ham_fc http://dbpedia.org/resource/West_Ham_United_F.C."""
"TOUGH_WEB_MISC_wiki_2019_20_premier_league_personnel_and_kits,""0"",""20"",""http://dbpedia.org/resource/Wolverhampton_wanderers_soccer http://dbpedia.org/resource/Wolverhampton_Wanderers_FC http://dbpedia.org/resource/Wolverhampton_Wanderers_F_C http://dbpedia.org/resource/Wolverhampton_Wanderers_F._C. http://dbpedia.org/resource/Subway_Army http://dbpedia.org/resource/Wolverhampton_Wanderers_Football_Club http://dbpedia.org/resource/Wolves_F.C. http://dbpedia.org/resource/Wolverhampton_wanderers_football http://dbpedia.org/resource/Wolverhampton_soccer http://dbpedia.org/resource/Jonathan_Flatt http://dbpedia.org/resource/Wolves_FC http://dbpedia.org/resource/Wolverhampton_football_club http://dbpedia.org/resource/Wolverhampton_soccer_club http://dbpedia.org/resource/Wolverhampton_Wanderers_F.C. http://dbpedia.org/resource/Wolverhampton_Wanderers http://dbpedia.org/resource/Wolverhampton_Wolves_FC"""
"TOUGH_WEB_MISC_wiki_2019_20_premier_league_personnel_and_kits,""1"",""1"",""http://dbpedia.org/resource/Unai_Emery"""
"TOUGH_WEB_MISC_wiki_2019_20_premier_league_personnel_and_kits,""1"",""2"",""http://dbpedia.org/resource/Dean_Smith_(footballer,_born_1971)"""
"TOUGH_WEB_MISC_wiki_2019_20_premier_league_personnel_and_kits,""1"",""3"",""http://dbpedia.org/resource/Edward_John_Frank_Howe http://dbpedia.org/resource/Eddie_Howe"""
"TOUGH_WEB_MISC_wiki_2019_20_premier_league_personnel_and_kits,""1"",""4"",""http://dbpedia.org/resource/Graham_Potter"""
"TOUGH_WEB_MISC_wiki_2019_20_premier_league_personnel_and_kits,""1"",""5"",""http://dbpedia.org/resource/Shaun_Dyche http://dbpedia.org/resource/Ginger_mourinho http://dbpedia.org/resource/Sean_Dyche"""
"TOUGH_WEB_MISC_wiki_2019_20_premier_league_personnel_and_kits,""1"",""6"",""http://dbpedia.org/resource/Frank_James_Lampard http://dbpedia.org/resource/Frank_James_Lampard,_Jr. http://dbpedia.org/resource/Elen_Rivas http://dbpedia.org/resource/Frank_Lampard_Jr. http://dbpedia.org/resource/Frank_J._Lampard,_Jr. http://dbpedia.org/resource/Super_frank http://dbpedia.org/resource/Frankie_Lamps http://dbpedia.org/resource/Frank_Lampard"""
"TOUGH_WEB_MISC_wiki_2019_20_premier_league_personnel_and_kits,""1"",""7"",""http://dbpedia.org/resource/Roy_Hodgson http://dbpedia.org/resource/Roy_Hodgeson"""
"TOUGH_WEB_MISC_wiki_2019_20_premier_league_personnel_and_kits,""1"",""8"",""http://dbpedia.org/resource/Marco_Silva_(footballer) http://dbpedia.org/resource/Marco_Silva"""
"TOUGH_WEB_MISC_wiki_2019_20_premier_league_personnel_and_kits,""1"",""9"",""http://dbpedia.org/resource/Brendan_Rogers http://dbpedia.org/resource/Brendan_Rodgers"""
"TOUGH_WEB_MISC_wiki_2019_20_premier_league_personnel_and_kits,""1"",""10"",""http://dbpedia.org/resource/Juergen_Klopp http://dbpedia.org/resource/Jurgen_Norbert_Klopp http://dbpedia.org/resource/Jürgen_Klopp http://dbpedia.org/resource/Kloppo http://dbpedia.org/resource/Γιούργκεν_Κλοπ http://dbpedia.org/resource/Juergen_Norbert_Klopp http://dbpedia.org/resource/Jürgen_Norbert_Klopp http://dbpedia.org/resource/Jurgen_Klopp"""
"TOUGH_WEB_MISC_wiki_2019_20_premier_league_personnel_and_kits,""1"",""11"",""http://dbpedia.org/resource/Josep_Guardiola_Sala http://dbpedia.org/resource/Pep_Team http://dbpedia.org/resource/Josep_Guardiola http://dbpedia.org/resource/Pep_Guardiola http://dbpedia.org/resource/Josep_Guardiola_i_Sala"""
"TOUGH_WEB_MISC_wiki_2019_20_premier_league_personnel_and_kits,""1"",""12"",""http://dbpedia.org/resource/Ole_Gunnar_Solskjaer http://dbpedia.org/resource/Ole_Gunner_Solsjkaer http://dbpedia.org/resource/OLE_GUNNAR_SOLSKJAER http://dbpedia.org/resource/Ole_gooner_solskjaer http://dbpedia.org/resource/Solksjaer http://dbpedia.org/resource/Solskjær http://dbpedia.org/resource/Solskjaer http://dbpedia.org/resource/Ole_solskjaer http://dbpedia.org/resource/O.G._SOLSKJAER http://dbpedia.org/resource/Ole_Gunnar_Solskjær"""
"TOUGH_WEB_MISC_wiki_2019_20_premier_league_personnel_and_kits,""1"",""13"",""http://dbpedia.org/resource/Stephen_Roger_Bruce http://dbpedia.org/resource/Steve_Bruce"""
"TOUGH_WEB_MISC_wiki_2019_20_premier_league_personnel_and_kits,""1"",""15"",""http://dbpedia.org/resource/Chris_Wilder"""
"TOUGH_WEB_MISC_wiki_2019_20_premier_league_personnel_and_kits,""1"",""16"",""http://dbpedia.org/resource/Ralph_Hasenhuettl http://dbpedia.org/resource/Ralph_Hasenhüttl http://dbpedia.org/resource/Ralph_Hasenhuttl"""
"TOUGH_WEB_MISC_wiki_2019_20_premier_league_personnel_and_kits,""1"",""17"",""http://dbpedia.org/resource/José_Mário_dos_Santos_Mourinho_Félix http://dbpedia.org/resource/The_Average_One http://dbpedia.org/resource/Pito_Vilanova http://dbpedia.org/resource/The_Happy_One http://dbpedia.org/resource/Jose_Murino http://dbpedia.org/resource/Jose_Mourinho http://dbpedia.org/resource/Jose_Mourihno http://dbpedia.org/resource/Jose_Mario_dos_Santos_Mourinho_Felix http://dbpedia.org/resource/Mourinho http://dbpedia.org/resource/José_Mario_Santos_Mourinho_Felix http://dbpedia.org/resource/Jose_Murinio http://dbpedia.org/resource/Jose_Mario_Santos_Mourinho_Felix http://dbpedia.org/resource/José_Mourinho http://dbpedia.org/resource/Morinho"""
"TOUGH_WEB_MISC_wiki_2019_20_premier_league_personnel_and_kits,""1"",""18"",""http://dbpedia.org/resource/Quique_Sanchez http://dbpedia.org/resource/Sánchez_Flores http://dbpedia.org/resource/Quique_Sánchez http://dbpedia.org/resource/Enrique_Sánchez_Flores http://dbpedia.org/resource/Quique_Sanchez_Flores http://dbpedia.org/resource/Quique_Flores http://dbpedia.org/resource/Enrique_Sanchez_Flores http://dbpedia.org/resource/Quique_Sánchez_Flores"""
"TOUGH_WEB_MISC_wiki_2019_20_premier_league_personnel_and_kits,""1"",""19"",""http://dbpedia.org/resource/Manuel_Pellegrini http://dbpedia.org/resource/Manuel_Luis_Pellegrini_Ripamonti"""
"TOUGH_WEB_MISC_wiki_2019_20_premier_league_personnel_and_kits,""1"",""20"",""http://dbpedia.org/resource/Nuno_Herlander_Simões_Espírito_Santo http://dbpedia.org/resource/Nuno_Herlander_Simões_do_Espírito_Santo http://dbpedia.org/resource/Nuno_Herlander_Simoes_Espirito_Santo http://dbpedia.org/resource/Nuno_Espírito_Santo http://dbpedia.org/resource/Nuno_Espirito_Santo"""
"TOUGH_WEB_MISC_wiki_2019_20_premier_league_personnel_and_kits,""2"",""1"",""http://dbpedia.org/resource/Pierre-Erick_Aubameyang http://dbpedia.org/resource/Pierre-Eric_Aubameyang http://dbpedia.org/resource/Pierre-Emerick_Aubameyang"""
"TOUGH_WEB_MISC_wiki_2019_20_premier_league_personnel_and_kits,""2"",""2"",""http://dbpedia.org/resource/40_Grealish http://dbpedia.org/resource/Jack_Grealish"""
"TOUGH_WEB_MISC_wiki_2019_20_premier_league_personnel_and_kits,""2"",""3"",""http://dbpedia.org/resource/Simon_Francis_(footballer)"""
"TOUGH_WEB_MISC_wiki_2019_20_premier_league_personnel_and_kits,""2"",""4"",""http://dbpedia.org/resource/Lewis_Dunk"""
"TOUGH_WEB_MISC_wiki_2019_20_premier_league_personnel_and_kits,""2"",""5"",""http://dbpedia.org/resource/Ben_Mee"""
"TOUGH_WEB_MISC_wiki_2019_20_premier_league_personnel_and_kits,""2"",""6"",""http://dbpedia.org/resource/Cesar_azpilicueta http://dbpedia.org/resource/Cesar_Azpilicueta http://dbpedia.org/resource/César_Azpilicueta http://dbpedia.org/resource/César_Azpilicueta_Tanco"""
"TOUGH_WEB_MISC_wiki_2019_20_premier_league_personnel_and_kits,""2"",""7"",""http://dbpedia.org/resource/Luka_Milivojević http://dbpedia.org/resource/Luka_Milivojevic"""
"TOUGH_WEB_MISC_wiki_2019_20_premier_league_personnel_and_kits,""2"",""8"",""http://dbpedia.org/resource/Séamus_Coleman http://dbpedia.org/resource/Seamus_Coleman http://dbpedia.org/resource/S_Coleman_(Everton)"""
"TOUGH_WEB_MISC_wiki_2019_20_premier_league_personnel_and_kits,""2"",""9"",""http://dbpedia.org/resource/Wes_Morgan"""
"TOUGH_WEB_MISC_wiki_2019_20_premier_league_personnel_and_kits,""2"",""10"",""http://dbpedia.org/resource/Jordan_Brian_Henderson http://dbpedia.org/resource/Jordan_Henderson"""
"TOUGH_WEB_MISC_wiki_2019_20_premier_league_personnel_and_kits,""2"",""11"",""http://dbpedia.org/resource/David_Josué_Jiménez_Silva http://dbpedia.org/resource/David_Silva http://dbpedia.org/resource/David_Jiménez_Silva http://dbpedia.org/resource/David_Jimenez_Silva"""
"TOUGH_WEB_MISC_wiki_2019_20_premier_league_personnel_and_kits,""2"",""12"",""http://dbpedia.org/resource/Young,_Ashley http://dbpedia.org/resource/Ashley_Young http://dbpedia.org/resource/Ashley_Young_(footballer) http://dbpedia.org/resource/Ashley_Simon_Young"""
"TOUGH_WEB_MISC_wiki_2019_20_premier_league_personnel_and_kits,""2"",""13"",""http://dbpedia.org/resource/Jamaal_Lascelles"""
"TOUGH_WEB_MISC_wiki_2019_20_premier_league_personnel_and_kits,""2"",""14"",""http://dbpedia.org/resource/Grant_Hanley http://dbpedia.org/resource/Grant_Campbell_Hanley"""
"TOUGH_WEB_MISC_wiki_2019_20_premier_league_personnel_and_kits,""2"",""15"",""http://dbpedia.org/resource/Billy_Sharp"""
"TOUGH_WEB_MISC_wiki_2019_20_premier_league_personnel_and_kits,""2"",""16"",""http://dbpedia.org/resource/Pierre-Emile_Hojbjerg http://dbpedia.org/resource/Pierre_Hojbjerg http://dbpedia.org/resource/Pierre-Emile_Kordt_Höjbjerg http://dbpedia.org/resource/Pierre_Højbjerg http://dbpedia.org/resource/Pierre-Emile_Højbjerg http://dbpedia.org/resource/Pierre_Emil_Højbjerg http://dbpedia.org/resource/Pierre_Höjbjerg http://dbpedia.org/resource/Pierre-Emile_Kordt_Højbjerg http://dbpedia.org/resource/Pierre-Emile_Höjbjerg http://dbpedia.org/resource/Pierre-Emile_Kordt_Hojbjerg http://dbpedia.org/resource/Pierre_Højberg http://dbpedia.org/resource/Pierre_Emil_Höjbjerg"""
"TOUGH_WEB_MISC_wiki_2019_20_premier_league_personnel_and_kits,""2"",""17"",""http://dbpedia.org/resource/Lloris http://dbpedia.org/resource/Hugo_Lloris"""
"TOUGH_WEB_MISC_wiki_2019_20_premier_league_personnel_and_kits,""2"",""18"",""http://dbpedia.org/resource/Troy_Deeney http://dbpedia.org/resource/Troy_Matthew_Deeney"""
"TOUGH_WEB_MISC_wiki_2019_20_premier_league_personnel_and_kits,""2"",""19"",""http://dbpedia.org/resource/Mark_Noble_(English_footballer) http://dbpedia.org/resource/Mark_Noble_(footballer) http://dbpedia.org/resource/Mark_Noble_(English_football) http://dbpedia.org/resource/Mark_Noble_(English_footballler) http://dbpedia.org/resource/Mark_Noble"""
"TOUGH_WEB_MISC_wiki_2019_20_premier_league_personnel_and_kits,""2"",""20"",""http://dbpedia.org/resource/Conor_Coady http://dbpedia.org/resource/Conor_Coady_(footballer) http://dbpedia.org/resource/Connor_Coady"""
"TOUGH_WEB_MISC_wiki_2019_20_premier_league_personnel_and_kits,""3"",""1"",""http://dbpedia.org/resource/Jose_+10 http://dbpedia.org/resource/Adidas-Salomon http://dbpedia.org/resource/The_brand_with_the_3_stripes http://dbpedia.org/resource/Adidas_Sneakers http://dbpedia.org/resource/Adidas_Sandals http://dbpedia.org/resource/José_+10 http://dbpedia.org/resource/Jose_+_10 http://dbpedia.org/resource/Adissage http://dbpedia.org/resource/Adidas-Salomon_AG http://dbpedia.org/resource/José_+_10 http://dbpedia.org/resource/Adida http://dbpedia.org/resource/Santiossage http://dbpedia.org/resource/Adidas http://dbpedia.org/resource/ADIDAS http://dbpedia.org/resource/Adidas_originals http://dbpedia.org/resource/Adidas_ABCD http://dbpedia.org/resource/Adidas_AG http://dbpedia.org/resource/Taylor-made http://dbpedia.org/resource/Adilette http://dbpedia.org/resource/Adidas_SB http://dbpedia.org/resource/Addidas http://dbpedia.org/resource/Adidas_Group"""
"TOUGH_WEB_MISC_wiki_2019_20_premier_league_personnel_and_kits,""3"",""2"",""http://dbpedia.org/resource/Kappa,_Inc. http://dbpedia.org/resource/Kappa_(company) http://dbpedia.org/resource/Kappa_Sponsorships http://dbpedia.org/resource/Robe_di_Kappa"""
"TOUGH_WEB_MISC_wiki_2019_20_premier_league_personnel_and_kits,""3"",""3"",""http://dbpedia.org/resource/Umbro http://dbpedia.org/resource/Umbro_shorts http://dbpedia.org/resource/Umbros http://dbpedia.org/resource/Teams_sponsored_by_Umbro"""
"TOUGH_WEB_MISC_wiki_2019_20_premier_league_personnel_and_kits,""3"",""4"",""http://dbpedia.org/resource/Niketown http://dbpedia.org/resource/Nike.com http://dbpedia.org/resource/Nike_inc http://dbpedia.org/resource/Nike_football http://dbpedia.org/resource/Foamposite http://dbpedia.org/resource/Nike,_Inc http://dbpedia.org/resource/Nike_shoes http://dbpedia.org/resource/Nike_Golf http://dbpedia.org/resource/NIKE http://dbpedia.org/resource/Nike_Elite_socks http://dbpedia.org/resource/Nike_Elite_sock http://dbpedia.org/resource/Air_zoom_vomero http://dbpedia.org/resource/Nikes http://dbpedia.org/resource/Nike_Inc. http://dbpedia.org/resource/History_of_Nike_athletics http://dbpedia.org/resource/Nike_Incorporated http://dbpedia.org/resource/Nike_Air_Zoom_Vomero http://dbpedia.org/resource/Nike_Dunk http://dbpedia.org/resource/Nike_Tempo http://dbpedia.org/resource/Nike_sportswear http://dbpedia.org/resource/Blue_ribbon_sports http://dbpedia.org/resource/Nike_Inc http://dbpedia.org/resource/Air_Zoom http://dbpedia.org/resource/NIKE_Inc. http://dbpedia.org/resource/NikeTown http://dbpedia.org/resource/Nike_Town http://dbpedia.org/resource/Nike,_Inc. http://dbpedia.org/resource/Nike_Japan http://dbpedia.org/resource/Nike_Records http://dbpedia.org/resource/Nike_Factory_Store http://dbpedia.org/resource/Nike_Elite http://dbpedia.org/resource/Nike_Child_Labor http://dbpedia.org/resource/Nike_brand http://dbpedia.org/resource/Nike_(company) http://dbpedia.org/resource/Niké http://dbpedia.org/resource/Nike_shoe_company http://dbpedia.org/resource/Jordan_Brand http://dbpedia.org/resource/Nike_(brand) http://dbpedia.org/resource/Nike_Air_Zoom http://dbpedia.org/resource/Nike,_inc. http://dbpedia.org/resource/Nike_Tempo_shorts http://dbpedia.org/resource/Nike_clothing http://dbpedia.org/resource/Nike_pro http://dbpedia.org/resource/Blue_Ribbon_Sports http://dbpedia.org/resource/Nike_Inc_Class_B"""
"TOUGH_WEB_MISC_wiki_2019_20_premier_league_personnel_and_kits,""3"",""5"",""http://dbpedia.org/resource/Umbro http://dbpedia.org/resource/Umbro_shorts http://dbpedia.org/resource/Umbros http://dbpedia.org/resource/Teams_sponsored_by_Umbro"""
"TOUGH_WEB_MISC_wiki_2019_20_premier_league_personnel_and_kits,""3"",""6"",""http://dbpedia.org/resource/Niketown http://dbpedia.org/resource/Nike.com http://dbpedia.org/resource/Nike_inc http://dbpedia.org/resource/Nike_football http://dbpedia.org/resource/Foamposite http://dbpedia.org/resource/Nike,_Inc http://dbpedia.org/resource/Nike_shoes http://dbpedia.org/resource/Nike_Golf http://dbpedia.org/resource/NIKE http://dbpedia.org/resource/Nike_Elite_socks http://dbpedia.org/resource/Nike_Elite_sock http://dbpedia.org/resource/Air_zoom_vomero http://dbpedia.org/resource/Nikes http://dbpedia.org/resource/Nike_Inc. http://dbpedia.org/resource/History_of_Nike_athletics http://dbpedia.org/resource/Nike_Incorporated http://dbpedia.org/resource/Nike_Air_Zoom_Vomero http://dbpedia.org/resource/Nike_Dunk http://dbpedia.org/resource/Nike_Tempo http://dbpedia.org/resource/Nike_sportswear http://dbpedia.org/resource/Blue_ribbon_sports http://dbpedia.org/resource/Nike_Inc http://dbpedia.org/resource/Air_Zoom http://dbpedia.org/resource/NIKE_Inc. http://dbpedia.org/resource/NikeTown http://dbpedia.org/resource/Nike_Town http://dbpedia.org/resource/Nike,_Inc. http://dbpedia.org/resource/Nike_Japan http://dbpedia.org/resource/Nike_Records http://dbpedia.org/resource/Nike_Factory_Store http://dbpedia.org/resource/Nike_Elite http://dbpedia.org/resource/Nike_Child_Labor http://dbpedia.org/resource/Nike_brand http://dbpedia.org/resource/Nike_(company) http://dbpedia.org/resource/Niké http://dbpedia.org/resource/Nike_shoe_company http://dbpedia.org/resource/Jordan_Brand http://dbpedia.org/resource/Nike_(brand) http://dbpedia.org/resource/Nike_Air_Zoom http://dbpedia.org/resource/Nike,_inc. http://dbpedia.org/resource/Nike_Tempo_shorts http://dbpedia.org/resource/Nike_clothing http://dbpedia.org/resource/Nike_pro http://dbpedia.org/resource/Blue_Ribbon_Sports http://dbpedia.org/resource/Nike_Inc_Class_B"""
"TOUGH_WEB_MISC_wiki_2019_20_premier_league_personnel_and_kits,""3"",""7"",""http://dbpedia.org/resource/Puma_(sneaker) http://dbpedia.org/resource/Puma_Sports http://dbpedia.org/resource/Puma_Company http://dbpedia.org/resource/Puma_SE http://dbpedia.org/resource/Puma_Sponsorships http://dbpedia.org/resource/Tazon_Series_(by_Puma) http://dbpedia.org/resource/Puma_Racing_Team http://dbpedia.org/resource/PUMA_AG_Rudolf_Dassler_Sport http://dbpedia.org/resource/Puma_(company) http://dbpedia.org/resource/Puma_(brand) http://dbpedia.org/resource/Puma_A.G. http://dbpedia.org/resource/PUMA_AG http://dbpedia.org/resource/Puma_AG"""
"TOUGH_WEB_MISC_wiki_2019_20_premier_league_personnel_and_kits,""3"",""8"",""http://dbpedia.org/resource/Umbro http://dbpedia.org/resource/Umbro_shorts http://dbpedia.org/resource/Umbros http://dbpedia.org/resource/Teams_sponsored_by_Umbro"""
"TOUGH_WEB_MISC_wiki_2019_20_premier_league_personnel_and_kits,""3"",""9"",""http://dbpedia.org/resource/Jose_+10 http://dbpedia.org/resource/Adidas-Salomon http://dbpedia.org/resource/The_brand_with_the_3_stripes http://dbpedia.org/resource/Adidas_Sneakers http://dbpedia.org/resource/Adidas_Sandals http://dbpedia.org/resource/José_+10 http://dbpedia.org/resource/Jose_+_10 http://dbpedia.org/resource/Adissage http://dbpedia.org/resource/Adidas-Salomon_AG http://dbpedia.org/resource/José_+_10 http://dbpedia.org/resource/Adida http://dbpedia.org/resource/Santiossage http://dbpedia.org/resource/Adidas http://dbpedia.org/resource/ADIDAS http://dbpedia.org/resource/Adidas_originals http://dbpedia.org/resource/Adidas_ABCD http://dbpedia.org/resource/Adidas_AG http://dbpedia.org/resource/Taylor-made http://dbpedia.org/resource/Adilette http://dbpedia.org/resource/Adidas_SB http://dbpedia.org/resource/Addidas http://dbpedia.org/resource/Adidas_Group"""
"TOUGH_WEB_MISC_wiki_2019_20_premier_league_personnel_and_kits,""3"",""10"",""http://dbpedia.org/resource/New_Balance http://dbpedia.org/resource/Newbalance http://dbpedia.org/resource/New_Balance_Athletic_Shoe,_Inc."""
"TOUGH_WEB_MISC_wiki_2019_20_premier_league_personnel_and_kits,""3"",""11"",""http://dbpedia.org/resource/Puma_(sneaker) http://dbpedia.org/resource/Puma_Sports http://dbpedia.org/resource/Puma_Company http://dbpedia.org/resource/Puma_SE http://dbpedia.org/resource/Puma_Sponsorships http://dbpedia.org/resource/Tazon_Series_(by_Puma) http://dbpedia.org/resource/Puma_Racing_Team http://dbpedia.org/resource/PUMA_AG_Rudolf_Dassler_Sport http://dbpedia.org/resource/Puma_(company) http://dbpedia.org/resource/Puma_(brand) http://dbpedia.org/resource/Puma_A.G. http://dbpedia.org/resource/PUMA_AG http://dbpedia.org/resource/Puma_AG"""
"TOUGH_WEB_MISC_wiki_2019_20_premier_league_personnel_and_kits,""3"",""12"",""http://dbpedia.org/resource/Jose_+10 http://dbpedia.org/resource/Adidas-Salomon http://dbpedia.org/resource/The_brand_with_the_3_stripes http://dbpedia.org/resource/Adidas_Sneakers http://dbpedia.org/resource/Adidas_Sandals http://dbpedia.org/resource/José_+10 http://dbpedia.org/resource/Jose_+_10 http://dbpedia.org/resource/Adissage http://dbpedia.org/resource/Adidas-Salomon_AG http://dbpedia.org/resource/José_+_10 http://dbpedia.org/resource/Adida http://dbpedia.org/resource/Santiossage http://dbpedia.org/resource/Adidas http://dbpedia.org/resource/ADIDAS http://dbpedia.org/resource/Adidas_originals http://dbpedia.org/resource/Adidas_ABCD http://dbpedia.org/resource/Adidas_AG http://dbpedia.org/resource/Taylor-made http://dbpedia.org/resource/Adilette http://dbpedia.org/resource/Adidas_SB http://dbpedia.org/resource/Addidas http://dbpedia.org/resource/Adidas_Group"""
"TOUGH_WEB_MISC_wiki_2019_20_premier_league_personnel_and_kits,""3"",""13"",""http://dbpedia.org/resource/Puma_(sneaker) http://dbpedia.org/resource/Puma_Sports http://dbpedia.org/resource/Puma_Company http://dbpedia.org/resource/Puma_SE http://dbpedia.org/resource/Puma_Sponsorships http://dbpedia.org/resource/Tazon_Series_(by_Puma) http://dbpedia.org/resource/Puma_Racing_Team http://dbpedia.org/resource/PUMA_AG_Rudolf_Dassler_Sport http://dbpedia.org/resource/Puma_(company) http://dbpedia.org/resource/Puma_(brand) http://dbpedia.org/resource/Puma_A.G. http://dbpedia.org/resource/PUMA_AG http://dbpedia.org/resource/Puma_AG"""
"TOUGH_WEB_MISC_wiki_2019_20_premier_league_personnel_and_kits,""3"",""14"",""http://dbpedia.org/resource/Errea http://dbpedia.org/resource/Erreà"""
"TOUGH_WEB_MISC_wiki_2019_20_premier_league_personnel_and_kits,""3"",""15"",""http://dbpedia.org/resource/Jose_+10 http://dbpedia.org/resource/Adidas-Salomon http://dbpedia.org/resource/The_brand_with_the_3_stripes http://dbpedia.org/resource/Adidas_Sneakers http://dbpedia.org/resource/Adidas_Sandals http://dbpedia.org/resource/José_+10 http://dbpedia.org/resource/Jose_+_10 http://dbpedia.org/resource/Adissage http://dbpedia.org/resource/Adidas-Salomon_AG http://dbpedia.org/resource/José_+_10 http://dbpedia.org/resource/Adida http://dbpedia.org/resource/Santiossage http://dbpedia.org/resource/Adidas http://dbpedia.org/resource/ADIDAS http://dbpedia.org/resource/Adidas_originals http://dbpedia.org/resource/Adidas_ABCD http://dbpedia.org/resource/Adidas_AG http://dbpedia.org/resource/Taylor-made http://dbpedia.org/resource/Adilette http://dbpedia.org/resource/Adidas_SB http://dbpedia.org/resource/Addidas http://dbpedia.org/resource/Adidas_Group"""
"TOUGH_WEB_MISC_wiki_2019_20_premier_league_personnel_and_kits,""3"",""16"",""http://dbpedia.org/resource/Under_armour http://dbpedia.org/resource/UnderArmor http://dbpedia.org/resource/Underarmour http://dbpedia.org/resource/Under_Armour,_Inc. http://dbpedia.org/resource/UnderArmour http://dbpedia.org/resource/Under_Armor http://dbpedia.org/resource/Under_Armour_Inc. http://dbpedia.org/resource/Under_Armour http://dbpedia.org/resource/Under_Armour_A_Inc http://dbpedia.org/resource/New_Prototype"""
"TOUGH_WEB_MISC_wiki_2019_20_premier_league_personnel_and_kits,""3"",""17"",""http://dbpedia.org/resource/Niketown http://dbpedia.org/resource/Nike.com http://dbpedia.org/resource/Nike_inc http://dbpedia.org/resource/Nike_football http://dbpedia.org/resource/Foamposite http://dbpedia.org/resource/Nike,_Inc http://dbpedia.org/resource/Nike_shoes http://dbpedia.org/resource/Nike_Golf http://dbpedia.org/resource/NIKE http://dbpedia.org/resource/Nike_Elite_socks http://dbpedia.org/resource/Nike_Elite_sock http://dbpedia.org/resource/Air_zoom_vomero http://dbpedia.org/resource/Nikes http://dbpedia.org/resource/Nike_Inc. http://dbpedia.org/resource/History_of_Nike_athletics http://dbpedia.org/resource/Nike_Incorporated http://dbpedia.org/resource/Nike_Air_Zoom_Vomero http://dbpedia.org/resource/Nike_Dunk http://dbpedia.org/resource/Nike_Tempo http://dbpedia.org/resource/Nike_sportswear http://dbpedia.org/resource/Blue_ribbon_sports http://dbpedia.org/resource/Nike_Inc http://dbpedia.org/resource/Air_Zoom http://dbpedia.org/resource/NIKE_Inc. http://dbpedia.org/resource/NikeTown http://dbpedia.org/resource/Nike_Town http://dbpedia.org/resource/Nike,_Inc. http://dbpedia.org/resource/Nike_Japan http://dbpedia.org/resource/Nike_Records http://dbpedia.org/resource/Nike_Factory_Store http://dbpedia.org/resource/Nike_Elite http://dbpedia.org/resource/Nike_Child_Labor http://dbpedia.org/resource/Nike_brand http://dbpedia.org/resource/Nike_(company) http://dbpedia.org/resource/Niké http://dbpedia.org/resource/Nike_shoe_company http://dbpedia.org/resource/Jordan_Brand http://dbpedia.org/resource/Nike_(brand) http://dbpedia.org/resource/Nike_Air_Zoom http://dbpedia.org/resource/Nike,_inc. http://dbpedia.org/resource/Nike_Tempo_shorts http://dbpedia.org/resource/Nike_clothing http://dbpedia.org/resource/Nike_pro http://dbpedia.org/resource/Blue_Ribbon_Sports http://dbpedia.org/resource/Nike_Inc_Class_B"""
"TOUGH_WEB_MISC_wiki_2019_20_premier_league_personnel_and_kits,""3"",""18"",""http://dbpedia.org/resource/Jose_+10 http://dbpedia.org/resource/Adidas-Salomon http://dbpedia.org/resource/The_brand_with_the_3_stripes http://dbpedia.org/resource/Adidas_Sneakers http://dbpedia.org/resource/Adidas_Sandals http://dbpedia.org/resource/José_+10 http://dbpedia.org/resource/Jose_+_10 http://dbpedia.org/resource/Adissage http://dbpedia.org/resource/Adidas-Salomon_AG http://dbpedia.org/resource/José_+_10 http://dbpedia.org/resource/Adida http://dbpedia.org/resource/Santiossage http://dbpedia.org/resource/Adidas http://dbpedia.org/resource/ADIDAS http://dbpedia.org/resource/Adidas_originals http://dbpedia.org/resource/Adidas_ABCD http://dbpedia.org/resource/Adidas_AG http://dbpedia.org/resource/Taylor-made http://dbpedia.org/resource/Adilette http://dbpedia.org/resource/Adidas_SB http://dbpedia.org/resource/Addidas http://dbpedia.org/resource/Adidas_Group"""
"TOUGH_WEB_MISC_wiki_2019_20_premier_league_personnel_and_kits,""3"",""19"",""http://dbpedia.org/resource/Umbro http://dbpedia.org/resource/Umbro_shorts http://dbpedia.org/resource/Umbros http://dbpedia.org/resource/Teams_sponsored_by_Umbro"""
"TOUGH_WEB_MISC_wiki_2019_20_premier_league_personnel_and_kits,""3"",""20"",""http://dbpedia.org/resource/Jose_+10 http://dbpedia.org/resource/Adidas-Salomon http://dbpedia.org/resource/The_brand_with_the_3_stripes http://dbpedia.org/resource/Adidas_Sneakers http://dbpedia.org/resource/Adidas_Sandals http://dbpedia.org/resource/José_+10 http://dbpedia.org/resource/Jose_+_10 http://dbpedia.org/resource/Adissage http://dbpedia.org/resource/Adidas-Salomon_AG http://dbpedia.org/resource/José_+_10 http://dbpedia.org/resource/Adida http://dbpedia.org/resource/Santiossage http://dbpedia.org/resource/Adidas http://dbpedia.org/resource/ADIDAS http://dbpedia.org/resource/Adidas_originals http://dbpedia.org/resource/Adidas_ABCD http://dbpedia.org/resource/Adidas_AG http://dbpedia.org/resource/Taylor-made http://dbpedia.org/resource/Adilette http://dbpedia.org/resource/Adidas_SB http://dbpedia.org/resource/Addidas http://dbpedia.org/resource/Adidas_Group"""
"TOUGH_WEB_MISC_wiki_2019_20_premier_league_personnel_and_kits,""4"",""1"",""http://dbpedia.org/resource/Fly_emirates http://dbpedia.org/resource/Emirates_Airline_Cabins http://dbpedia.org/resource/Emirates_Airlines http://dbpedia.org/resource/Fly_Emirates_Airlines http://dbpedia.org/resource/Emirate_Airlines http://dbpedia.org/resource/Emirates_air_line http://dbpedia.org/resource/Fly_Emirates_Air_Lines http://dbpedia.org/resource/Emirates_Air http://dbpedia.org/resource/Emirates_Airline_Services http://dbpedia.org/resource/Emirates_(Airlines) http://dbpedia.org/resource/Emirates_Airline http://dbpedia.org/resource/Emirates_airline http://dbpedia.org/resource/طَيَران_الإمارات http://dbpedia.org/resource/Emirates_Airline_Cabins_and_Services http://dbpedia.org/resource/ICE_(Emirates) http://dbpedia.org/resource/Air_Emirates http://dbpedia.org/resource/Fly_Emirates http://dbpedia.org/resource/Emirates_(airline)"""
"TOUGH_WEB_MISC_wiki_2019_20_premier_league_personnel_and_kits,""4"",""4"",""http://dbpedia.org/resource/American_Express_Bank_Ltd http://dbpedia.org/resource/Americanexpress http://dbpedia.org/resource/American_express http://dbpedia.org/resource/Starwood_Preferred_Guest_Credit_Card_from_American_Express http://dbpedia.org/resource/AMERICAN_EXPRESS_COMPANY http://dbpedia.org/resource/American_Express_Card http://dbpedia.org/resource/American_Express_Co http://dbpedia.org/resource/Blue_from_American_Express http://dbpedia.org/resource/American_Express_Bank_Limited http://dbpedia.org/resource/AMEX_Bank_of_Canada http://dbpedia.org/resource/American_Express http://dbpedia.org/resource/American_Express_RED http://dbpedia.org/resource/Blue_From_American_Express http://dbpedia.org/resource/American_Express_Travel http://dbpedia.org/resource/Americanexpress.com http://dbpedia.org/resource/AmericanExpress.com http://dbpedia.org/resource/American_Express_Bank http://dbpedia.org/resource/American_Express_Publishing http://dbpedia.org/resource/Aexp.co http://dbpedia.org/resource/American_Express_Company http://dbpedia.org/resource/American_Express_Bank_Ltd. http://dbpedia.org/resource/ExpressPay http://dbpedia.org/resource/American_Express_Bank_International http://dbpedia.org/resource/Ed_Gilligan http://dbpedia.org/resource/The_American_Express_Company http://dbpedia.org/resource/American_Express_Financial_Advisors http://dbpedia.org/resource/Platinum_Card http://dbpedia.org/resource/American_express_travel http://dbpedia.org/resource/Centurion_Lounge http://dbpedia.org/resource/Amex_Bank_of_Canada http://dbpedia.org/resource/American_Express_Red_Card http://dbpedia.org/resource/American_Express_Co. http://dbpedia.org/resource/Bluebird_by_American_Express"""
"TOUGH_WEB_MISC_wiki_2019_20_premier_league_personnel_and_kits,""4"",""6"",""http://dbpedia.org/resource/Yokohama_Rubber_Company http://dbpedia.org/resource/Yokohama_(company) http://dbpedia.org/resource/Yokohama_Rubber http://dbpedia.org/resource/Yokohama_Tyre http://dbpedia.org/resource/Yokohama_Tire http://dbpedia.org/resource/Advan http://dbpedia.org/resource/Yokohama_Tire_Company"""
"TOUGH_WEB_MISC_wiki_2019_20_premier_league_personnel_and_kits,""4"",""8"",""http://dbpedia.org/resource/SportPesa"""
"TOUGH_WEB_MISC_wiki_2019_20_premier_league_personnel_and_kits,""4"",""9"",""http://dbpedia.org/resource/King_Power_International_Group http://dbpedia.org/resource/King_Power"""
"TOUGH_WEB_MISC_wiki_2019_20_premier_league_personnel_and_kits,""4"",""10"",""http://dbpedia.org/resource/Priority_academy http://dbpedia.org/resource/Standard_Chartered http://dbpedia.org/resource/Priority_Academy http://dbpedia.org/resource/Standard_Charter http://dbpedia.org/resource/Standard_Chartered_Bank http://dbpedia.org/resource/Standard-Chartered http://dbpedia.org/resource/Standard_Chartered_Bank_plc http://dbpedia.org/resource/Standard_Chartered_plc http://dbpedia.org/resource/Standard_Chartered_PLC http://dbpedia.org/resource/Chartered_Bank_of_London http://dbpedia.org/resource/Standard-Chartered_Bank http://dbpedia.org/resource/Standard_Chartered_Bank_PLC"""
"TOUGH_WEB_MISC_wiki_2019_20_premier_league_personnel_and_kits,""4"",""11"",""http://dbpedia.org/resource/Etihad_Airways_Crystal_Cargo http://dbpedia.org/resource/Ittihad_Airways http://dbpedia.org/resource/Etihad_Crystal_Cargo http://dbpedia.org/resource/Eithad http://dbpedia.org/resource/Etihad_Airways_Partners http://dbpedia.org/resource/Etihad_Airways_fleet http://dbpedia.org/resource/Etihad_(airline) http://dbpedia.org/resource/الاتحاد_للطيران http://dbpedia.org/resource/Etihad_Airways http://dbpedia.org/resource/Ethiad http://dbpedia.org/resource/Etihad_Airlines http://dbpedia.org/resource/EY_fleet http://dbpedia.org/resource/Ethiad_Airways http://dbpedia.org/resource/Etihad_Cargo http://dbpedia.org/resource/Etihad http://dbpedia.org/resource/Etihad_Guest http://dbpedia.org/resource/Ethihad_Airways"""
"TOUGH_WEB_MISC_wiki_2019_20_premier_league_personnel_and_kits,""4"",""12"",""http://dbpedia.org/resource/Chevrolet http://dbpedia.org/resource/Kroymans http://dbpedia.org/resource/Chevy http://dbpedia.org/resource/Chevolet http://dbpedia.org/resource/Chev http://dbpedia.org/resource/Chevy_Parts http://dbpedia.org/resource/Chevrolet_Motors_Division http://dbpedia.org/resource/Chevy_auto_parts http://dbpedia.org/resource/Chevrolet_auto_parts http://dbpedia.org/resource/Kroymans_Corporation http://dbpedia.org/resource/Chevrolet_Motor_Company http://dbpedia.org/resource/Chevrolet_buses http://dbpedia.org/resource/Chevrolet_Parts http://dbpedia.org/resource/Cheverolet http://dbpedia.org/resource/COPO http://dbpedia.org/resource/Chevey http://dbpedia.org/resource/Chevrolet_Buses http://dbpedia.org/resource/Chevrolets http://dbpedia.org/resource/Chevrolet_V8"""
"TOUGH_WEB_MISC_wiki_2019_20_premier_league_personnel_and_kits,""4"",""14"",""http://dbpedia.org/resource/Dafabet"""
"TOUGH_WEB_MISC_wiki_2019_20_premier_league_personnel_and_kits,""4"",""17"",""http://dbpedia.org/resource/Aia_australia http://dbpedia.org/resource/American_International_Assurance http://dbpedia.org/resource/AIA_Group_Limited http://dbpedia.org/resource/AIA-Hong_Kong http://dbpedia.org/resource/AIA_Group http://dbpedia.org/resource/American_International_Assurance_Company,_Limited http://dbpedia.org/resource/Aia_group"""
"TOUGH_WEB_MISC_wiki_2019_20_premier_league_personnel_and_kits,""4"",""19"",""http://dbpedia.org/resource/Betway"""
"TOUGH_WEB_MISC_wiki_2019_20_premier_league_personnel_and_kits,""5"",""4"",""http://dbpedia.org/resource/JD_Sports http://dbpedia.org/resource/JD_Sports_Clothes http://dbpedia.org/resource/Jd_sports http://dbpedia.org/resource/Duffer_of_St._George http://dbpedia.org/resource/Cloggs_Online_limited"""
"TOUGH_WEB_MISC_wiki_2019_20_premier_league_personnel_and_kits,""5"",""6"",""http://dbpedia.org/resource/Hyundai-Kia_Group http://dbpedia.org/resource/Hyundai_Motor_Company http://dbpedia.org/resource/The_Hyundai_Motor_Company http://dbpedia.org/resource/Hyundai_Motor http://dbpedia.org/resource/현대자동차 http://dbpedia.org/resource/Hyundai_Translead http://dbpedia.org/resource/Hyundai_Motor_Manufacturing_Czech http://dbpedia.org/resource/Hyundai_(car) http://dbpedia.org/resource/Hyundai_Auto_Canada_Inc. http://dbpedia.org/resource/Hyundai_Motors http://dbpedia.org/resource/Hyundai_Motor_Corporation http://dbpedia.org/resource/Hyundai_(automobile) http://dbpedia.org/resource/Hyundai_Motor_Co. http://dbpedia.org/resource/Drive_your_way http://dbpedia.org/resource/Hyundai_-_Drive_your_way"""
"TOUGH_WEB_MISC_wiki_2019_20_premier_league_personnel_and_kits,""5"",""8"",""http://dbpedia.org/resource/Green_pigs http://dbpedia.org/resource/Piggy_Island http://dbpedia.org/resource/Telepod http://dbpedia.org/resource/Telepods http://dbpedia.org/resource/List_of_Angry_Birds_characters http://dbpedia.org/resource/Peter_Vesterbacka http://dbpedia.org/resource/Star_wars_angry_birds http://dbpedia.org/resource/List_of_Angry_Birds_Stella_characters http://dbpedia.org/resource/Angry_Birds_franchise http://dbpedia.org/resource/List_of_Angry_Birds_games http://dbpedia.org/resource/Angry_birds http://dbpedia.org/resource/Angry_Birds http://dbpedia.org/resource/Pigs_(Angry_Birds) http://dbpedia.org/resource/Angry_Birds_(franchise) http://dbpedia.org/resource/Angry_Birds_valentine http://dbpedia.org/resource/Angry_Birds_Classic http://dbpedia.org/resource/Angry_Birds_Magic http://dbpedia.org/resource/Angry_Bird http://dbpedia.org/resource/Angry_Birds_X http://dbpedia.org/resource/Angry_Birds_series http://dbpedia.org/resource/Red_(Angry_Birds) http://dbpedia.org/resource/Angry_Birds_(series) http://dbpedia.org/resource/Angry_Birds_Peace_Treaty"""
"TOUGH_WEB_MISC_wiki_2019_20_premier_league_personnel_and_kits,""5"",""9"",""http://dbpedia.org/resource/Sabeco_Brewery http://dbpedia.org/resource/Sabeco_(brewery)"""
"TOUGH_WEB_MISC_wiki_2019_20_premier_league_personnel_and_kits,""5"",""10"",""http://dbpedia.org/resource/The_New_York_and_Mississippi_Valley_Printing_Telegraph_Company http://dbpedia.org/resource/Finint_S.r.l. http://dbpedia.org/resource/Western_Union_Telegraph http://dbpedia.org/resource/MTCN http://dbpedia.org/resource/Money_Transfer_Control_Number http://dbpedia.org/resource/Western_union http://dbpedia.org/resource/The_Western_Union_Company http://dbpedia.org/resource/Money_transfer_control_number http://dbpedia.org/resource/WesternUnion http://dbpedia.org/resource/Western_Union http://dbpedia.org/resource/Western_Union_Telegraph_Company http://dbpedia.org/resource/American_Telegraph_Company http://dbpedia.org/resource/Western_Union_Co http://dbpedia.org/resource/Western_Union_Corporation http://dbpedia.org/resource/Western_Union_Telegraph_Co. http://dbpedia.org/resource/Candygram"""
"TOUGH_WEB_MISC_wiki_2019_20_premier_league_personnel_and_kits,""5"",""11"",""http://dbpedia.org/resource/Nexen_Tire_Corp. http://dbpedia.org/resource/Nexen_Tire"""
"TOUGH_WEB_MISC_wiki_2019_20_premier_league_personnel_and_kits,""5"",""12"",""http://dbpedia.org/resource/The_Kohler_Company http://dbpedia.org/resource/Kohler_Company http://dbpedia.org/resource/Sterling_Faucet http://dbpedia.org/resource/Kohler_Company_Factory_Complex"""
"TOUGH_WEB_MISC_wiki_2019_20_premier_league_personnel_and_kits,""5"",""16"",""http://dbpedia.org/resource/Virginmedia.com http://dbpedia.org/resource/Virginm.net http://dbpedia.org/resource/Malcolm_Wall http://dbpedia.org/resource/Virgin_Media_Inc. http://dbpedia.org/resource/Ntl:telewest http://dbpedia.org/resource/NTL_Infrastructure http://dbpedia.org/resource/Virgin_Media_(Telewest) http://dbpedia.org/resource/MusicFish http://dbpedia.org/resource/Virgin_media http://dbpedia.org/resource/Blueyonder.co.uk http://dbpedia.org/resource/Malcom_Wall http://dbpedia.org/resource/Ntl:_Telewest http://dbpedia.org/resource/NTL:Telewest_Business http://dbpedia.org/resource/NTL_Infrastructure_-_Swindon http://dbpedia.org/resource/Ntl-_Telewest http://dbpedia.org/resource/Cable_London http://dbpedia.org/resource/NTL:Telewest http://dbpedia.org/resource/Cable_London_plc http://dbpedia.org/resource/Virgin_Media_Plc http://dbpedia.org/resource/NTL_Internet http://dbpedia.org/resource/Virgin_Broadband_(UK) http://dbpedia.org/resource/News.virginmedia.com http://dbpedia.org/resource/NTLI_Network_Management_Centre http://dbpedia.org/resource/NTL-_Telewest http://dbpedia.org/resource/NTL:_Telewest http://dbpedia.org/resource/Eurobell http://dbpedia.org/resource/NTL_Telewest http://dbpedia.org/resource/Ntl.com http://dbpedia.org/resource/CableTel http://dbpedia.org/resource/NTLWorld http://dbpedia.org/resource/Blueyonder http://dbpedia.org/resource/International_CableTel http://dbpedia.org/resource/Virgin_Media http://dbpedia.org/resource/Virgin_Media_Limited http://dbpedia.org/resource/NTL_INFRASTRUCTURE http://dbpedia.org/resource/Cable_london http://dbpedia.org/resource/Cable_London_Plc http://dbpedia.org/resource/Virgin_Media_Inc http://dbpedia.org/resource/Ntl_Telewest http://dbpedia.org/resource/Cable_London_PLC http://dbpedia.org/resource/Cable.virginmedia.com http://dbpedia.org/resource/VirginMedia http://dbpedia.org/resource/Virgin_Phone"""
"TOUGH_WEB_MISC_wiki_2019_20_premier_league_personnel_and_kits,""5"",""18"",""http://dbpedia.org/resource/Satoshis http://dbpedia.org/resource/Bicoin http://dbpedia.org/resource/BitCoin http://dbpedia.org/resource/Bit_Coin http://dbpedia.org/resource/BitCoinJ http://dbpedia.org/resource/Bitcoin http://dbpedia.org/resource/Bitocin http://dbpedia.org/resource/Bitcion http://dbpedia.org/resource/Bitcoins http://dbpedia.org/resource/Brainwallet http://dbpedia.org/resource/Bitcoinj http://dbpedia.org/resource/List_of_bitcoin_wallets http://dbpedia.org/resource/The_Bitcoin_Foundation http://dbpedia.org/resource/1-BTC http://dbpedia.org/resource/BitcoinShop http://dbpedia.org/resource/Millicoin http://dbpedia.org/resource/BITCOIN http://dbpedia.org/resource/Bit_coin http://dbpedia.org/resource/Bitcoin_economy http://dbpedia.org/resource/Bitcents http://dbpedia.org/resource/Chain_fork http://dbpedia.org/resource/51%25_attack http://dbpedia.org/resource/Microcoin http://dbpedia.org/resource/Bitcoinqt http://dbpedia.org/resource/B⃦ http://dbpedia.org/resource/ΜBTC http://dbpedia.org/resource/Bitcoin_wallet http://dbpedia.org/resource/Bitcent http://dbpedia.org/resource/Chainfork http://dbpedia.org/resource/BTCUSD=X http://dbpedia.org/resource/Bitcoinage http://dbpedia.org/resource/Bitcoin_qt http://dbpedia.org/resource/BitcoinJ http://dbpedia.org/resource/MBTC http://dbpedia.org/resource/1_BTC http://dbpedia.org/resource/Spergerrand http://dbpedia.org/resource/Edison's_renegade_currency http://dbpedia.org/resource/UBTC http://dbpedia.org/resource/₿ http://dbpedia.org/resource/Bitcoin_Black_Friday http://dbpedia.org/resource/Bitcoind"""
