"TOUGH_WEB_HOMO_soccer_players,""0"",""1"",""http://dbpedia.org/resource/Lionel_Andres_Messi http://dbpedia.org/resource/Leo_Messy http://dbpedia.org/resource/Lionel_Messy http://dbpedia.org/resource/LM19 http://dbpedia.org/resource/L.Messi http://dbpedia.org/resource/Leo_Messi http://dbpedia.org/resource/Leo_Messi_Foundation http://dbpedia.org/resource/LM10 http://dbpedia.org/resource/Messi http://dbpedia.org/resource/Messimagician http://dbpedia.org/resource/The_World's_Top_Goal_Scorer_2011 http://dbpedia.org/resource/Lionel_Messi http://dbpedia.org/resource/Lionel_Andrés_Leo_Messi_Cuccittini http://dbpedia.org/resource/Lionel_messi http://dbpedia.org/resource/Lionel_Andrés_Messi http://dbpedia.org/resource/Thiago_messi http://dbpedia.org/resource/Messidona http://dbpedia.org/resource/Messi_Foundation http://dbpedia.org/resource/Lionel_Andrés_Messi_Cuccittini"""
"TOUGH_WEB_HOMO_soccer_players,""0"",""2"",""http://dbpedia.org/resource/Alex_Del_Piero http://dbpedia.org/resource/Alessandro_del_Piero http://dbpedia.org/resource/Alex_del_piero http://dbpedia.org/resource/Alessandro_Del_Piero http://dbpedia.org/resource/Del_piero http://dbpedia.org/resource/ADP10"""
"TOUGH_WEB_HOMO_soccer_players,""0"",""3"",""http://dbpedia.org/resource/Christiano_Ronaldo http://dbpedia.org/resource/Christian_Ronaldo http://dbpedia.org/resource/Cris_Ron http://dbpedia.org/resource/Cristiano_Ronaldo http://dbpedia.org/resource/Cronaldo http://dbpedia.org/resource/C.Ronaldo http://dbpedia.org/resource/Cristiano_dos_santos_aveiro_ronaldo http://dbpedia.org/resource/Chris_Ronaldo http://dbpedia.org/resource/C_Ronaldo http://dbpedia.org/resource/Ronaldo_7 http://dbpedia.org/resource/Ronaldo_Cristiano http://dbpedia.org/resource/Cris_Ronaldo http://dbpedia.org/resource/CRDSA http://dbpedia.org/resource/C._Ronaldo http://dbpedia.org/resource/Cristiano_Ronaldo_dos_Santos_Aveiro http://dbpedia.org/resource/Rehan_ronaldo http://dbpedia.org/resource/CR_7 http://dbpedia.org/resource/Cristaino_ronaldo http://dbpedia.org/resource/Cristiano_ronaldo http://dbpedia.org/resource/Cristiano_Ronaldoo http://dbpedia.org/resource/Cristiano_Ronaldo_dos_Santos_Aviero"""
"TOUGH_WEB_HOMO_soccer_players,""0"",""4"",""http://dbpedia.org/resource/Falcao_Garcia http://dbpedia.org/resource/Falcao_García http://dbpedia.org/resource/Radamel_Falcao_Garcia_Zarate http://dbpedia.org/resource/Radamel_falcao_garcia_zarate http://dbpedia.org/resource/Radamel http://dbpedia.org/resource/Radamel_Falcão_García http://dbpedia.org/resource/Radamel_Falcao_García_Zárate http://dbpedia.org/resource/Radamel_Falcao_Garcia http://dbpedia.org/resource/Radamel_Falcao http://dbpedia.org/resource/Radamel_Falcao_García http://dbpedia.org/resource/Radamel_Falcao_García_Zarate"""
"TOUGH_WEB_HOMO_soccer_players,""0"",""5"",""http://dbpedia.org/resource/Mario_Baruwah http://dbpedia.org/resource/Balotelli http://dbpedia.org/resource/Mario_Ballotelli http://dbpedia.org/resource/Mario_Balotelli_Barwuah http://dbpedia.org/resource/Mario_Barwuah_Balotelli http://dbpedia.org/resource/Mario_Barwuah http://dbpedia.org/resource/Mario_Balotelli"""
"TOUGH_WEB_HOMO_soccer_players,""0"",""6"",""http://dbpedia.org/resource/Javier_Hernández_(footballer,_born_1988) http://dbpedia.org/resource/Chicharito_Quotes http://dbpedia.org/resource/Javier_Hernández_Balcazar http://dbpedia.org/resource/Javier_Hernandez_(footballer) http://dbpedia.org/resource/Javier_Hernandez_Balcazar http://dbpedia.org/resource/Javier_Hernandez_(football) http://dbpedia.org/resource/Javier_Hernández_Balcázar http://dbpedia.org/resource/Javier_Hernandez http://dbpedia.org/resource/Javier_Hernández_(footballer) http://dbpedia.org/resource/Chicharito http://dbpedia.org/resource/Hernández,_Javier http://dbpedia.org/resource/Javier_Hernández_(soccer_player) http://dbpedia.org/resource/Javier_Hernandez_(soccer) http://dbpedia.org/resource/Javier_Hernandez_(soccer_player) http://dbpedia.org/resource/Chicarito_Hernandez http://dbpedia.org/resource/Chicarito http://dbpedia.org/resource/Chícharito http://dbpedia.org/resource/Javier_Hernández http://dbpedia.org/resource/Chicharito_(footballer)"""
"TOUGH_WEB_HOMO_soccer_players,""0"",""7"",""http://dbpedia.org/resource/Diego_Maradona http://dbpedia.org/resource/El_Diego http://dbpedia.org/resource/Maradonna http://dbpedia.org/resource/Diego_Armando_Maradona http://dbpedia.org/resource/Diego_Marradona http://dbpedia.org/resource/Diego_Marradonna http://dbpedia.org/resource/Diego_Maradonna http://dbpedia.org/resource/D10S http://dbpedia.org/resource/Maradona,_Diego http://dbpedia.org/resource/Maradona"""
"TOUGH_WEB_HOMO_soccer_players,""0"",""8"",""http://dbpedia.org/resource/Luis_Suarez http://dbpedia.org/resource/Luis_Alberto_Suárez_Diaz http://dbpedia.org/resource/Luis_Suárez http://dbpedia.org/resource/Luis_Alberto_Suarez http://dbpedia.org/resource/Luiz_Suarez http://dbpedia.org/resource/Luis_Suárez_(Uruguyan_footballer) http://dbpedia.org/resource/Luis_Suarez_(Uruguayan_footballer) http://dbpedia.org/resource/Luis_Alberto_Suárez http://dbpedia.org/resource/Luis_Suárez_(Uruguayan_footballer)"""
"TOUGH_WEB_HOMO_soccer_players,""0"",""9"",""http://dbpedia.org/resource/Fernando_Torres http://dbpedia.org/resource/Fernando_Jose_Torres_Sanz http://dbpedia.org/resource/Fernando_José_Torres_Sanz http://dbpedia.org/resource/Fernando_'El_Nino'_Torres http://dbpedia.org/resource/Nando_Torres"""
"TOUGH_WEB_HOMO_soccer_players,""0"",""10"",""http://dbpedia.org/resource/The_Non-Flying_Dutchman http://dbpedia.org/resource/Dennis_Bergkamp http://dbpedia.org/resource/Non-Flying_Dutchman http://dbpedia.org/resource/Dennis_Nicolaas_Maria_Bergkamp"""
"TOUGH_WEB_HOMO_soccer_players,""0"",""11"",""http://dbpedia.org/resource/Pele http://dbpedia.org/resource/The_King_of_Football http://dbpedia.org/resource/Edison_%22Edson%22_Arantes_do_Nascimento http://dbpedia.org/resource/The_King_of_Soccer http://dbpedia.org/resource/Pele_(footballer) http://dbpedia.org/resource/Pelé_(footballer) http://dbpedia.org/resource/Pelé_(Football) http://dbpedia.org/resource/Pelé http://dbpedia.org/resource/Edison_Arantes_do_Nascimento http://dbpedia.org/resource/Pelé_(2014_film) http://dbpedia.org/resource/Pelé_(soccer) http://dbpedia.org/resource/Edson_Narantes_Do_Nascimento http://dbpedia.org/resource/O_Rei http://dbpedia.org/resource/Pele_(Football) http://dbpedia.org/resource/Brazilian_soccer_player_Pelé http://dbpedia.org/resource/Pelé_(football) http://dbpedia.org/resource/Pele_(football) http://dbpedia.org/resource/Péle http://dbpedia.org/resource/Edson_Arantes_do_Nascimento http://dbpedia.org/resource/Pele_(soccer) http://dbpedia.org/resource/O_Rei_do_Futebol http://dbpedia.org/resource/Brazilian_soccer_player_Pele http://dbpedia.org/resource/Pele_(Soccer) http://dbpedia.org/resource/Pelè"""
"TOUGH_WEB_HOMO_soccer_players,""0"",""12"",""http://dbpedia.org/resource/Neymar_Jr http://dbpedia.org/resource/Neymar http://dbpedia.org/resource/Neymar_da_Silva_Santos_Júnior http://dbpedia.org/resource/Neymar_Da_Silva http://dbpedia.org/resource/Neymar_Júnior http://dbpedia.org/resource/Neymar_da_Silva http://dbpedia.org/resource/Neymar_Jr. http://dbpedia.org/resource/Neymar_Junior http://dbpedia.org/resource/Neymar_da_Silva_Santos_Junior"""
"TOUGH_WEB_HOMO_soccer_players,""0"",""13"",""http://dbpedia.org/resource/Fernando_Torres http://dbpedia.org/resource/Fernando_Jose_Torres_Sanz http://dbpedia.org/resource/Fernando_José_Torres_Sanz http://dbpedia.org/resource/Fernando_'El_Nino'_Torres http://dbpedia.org/resource/Nando_Torres"""
"TOUGH_WEB_HOMO_soccer_players,""0"",""14"",""http://dbpedia.org/resource/Griezmann http://dbpedia.org/resource/Antoine_Griezmann"""
"TOUGH_WEB_HOMO_soccer_players,""0"",""15"",""http://dbpedia.org/resource/Ezequiel_Lavezzi http://dbpedia.org/resource/Ezequiel_Ivan_Lavezzi http://dbpedia.org/resource/Ezequiel_Iván_Lavezzi"""
"TOUGH_WEB_HOMO_soccer_players,""0"",""16"",""http://dbpedia.org/resource/Edinson_Cavani http://dbpedia.org/resource/Edison_Cavani http://dbpedia.org/resource/Edinson_Roberto_Cavani_Gómez"""
"TOUGH_WEB_HOMO_soccer_players,""1"",""1"",""http://dbpedia.org/resource/Blaugrana http://dbpedia.org/resource/F.C.Barcelona http://dbpedia.org/resource/Fc_barcelona_trophies http://dbpedia.org/resource/Blaugranas http://dbpedia.org/resource/Barcelonistes http://dbpedia.org/resource/Barcelona_F._C. http://dbpedia.org/resource/Foot-Ball_Club_Barcelona http://dbpedia.org/resource/Azulgrana http://dbpedia.org/resource/Barcelona_F.C. http://dbpedia.org/resource/CF_Barcelona http://dbpedia.org/resource/Barca_fc http://dbpedia.org/resource/Barcelona_C.F. http://dbpedia.org/resource/FC_Barcelona_trophies http://dbpedia.org/resource/F.c._barça http://dbpedia.org/resource/Barcelona_CF http://dbpedia.org/resource/Fútbol_Club_Barcelona http://dbpedia.org/resource/Barca_FC http://dbpedia.org/resource/Fc_barcelona http://dbpedia.org/resource/Fc_Barça http://dbpedia.org/resource/2017–18_FC_Barcelona_season http://dbpedia.org/resource/Futbol_Club_Barcelona http://dbpedia.org/resource/Més_que_un_club http://dbpedia.org/resource/Barcelona_fc http://dbpedia.org/resource/F.C_Barcelona http://dbpedia.org/resource/Barça_FC http://dbpedia.org/resource/Farsalona http://dbpedia.org/resource/Barcelona_football_club http://dbpedia.org/resource/Mes_que_un_club http://dbpedia.org/resource/Bacelona_fc http://dbpedia.org/resource/Barcelona_Football_Club http://dbpedia.org/resource/Fc_barca http://dbpedia.org/resource/C.F._Barcelona http://dbpedia.org/resource/Barça_f.c. http://dbpedia.org/resource/FCBarcelona http://dbpedia.org/resource/F.c._barca http://dbpedia.org/resource/F.C._Barcelona http://dbpedia.org/resource/Blaugranes http://dbpedia.org/resource/Barça_fc http://dbpedia.org/resource/Fc_Barca http://dbpedia.org/resource/2017-18_FC_Barcelona_season http://dbpedia.org/resource/Barcelona_FC http://dbpedia.org/resource/Barca_f.c. http://dbpedia.org/resource/Football_Club_Barcelona http://dbpedia.org/resource/Barça http://dbpedia.org/resource/FC_Barcelona"""
"TOUGH_WEB_HOMO_soccer_players,""1"",""2"",""http://dbpedia.org/resource/La_Vecchia_Signora http://dbpedia.org/resource/Juventus_Turin http://dbpedia.org/resource/Juventus_Torino http://dbpedia.org/resource/Juventus_F_C http://dbpedia.org/resource/Juventus_FC http://dbpedia.org/resource/Juventus_F.C. http://dbpedia.org/resource/Juventus_football_club http://dbpedia.org/resource/Juventus_Football_Club_S.p.A. http://dbpedia.org/resource/Juventus_fc http://dbpedia.org/resource/Fc_juventus http://dbpedia.org/resource/Juventus_Football_Club http://dbpedia.org/resource/Juve http://dbpedia.org/resource/Juventus_F._C. http://dbpedia.org/resource/F.c_juventus http://dbpedia.org/resource/Juventus_de_Turín http://dbpedia.org/resource/Iuventus http://dbpedia.org/resource/F.C._Juventus http://dbpedia.org/resource/Juventus_F.C http://dbpedia.org/resource/FC_Juventus http://dbpedia.org/resource/Bianconeri http://dbpedia.org/resource/Juventus_f.c http://dbpedia.org/resource/Juventus"""
"TOUGH_WEB_HOMO_soccer_players,""1"",""3"",""http://dbpedia.org/resource/La_Vecchia_Signora http://dbpedia.org/resource/Juventus_Turin http://dbpedia.org/resource/Juventus_Torino http://dbpedia.org/resource/Juventus_F_C http://dbpedia.org/resource/Juventus_FC http://dbpedia.org/resource/Juventus_F.C. http://dbpedia.org/resource/Juventus_football_club http://dbpedia.org/resource/Juventus_Football_Club_S.p.A. http://dbpedia.org/resource/Juventus_fc http://dbpedia.org/resource/Fc_juventus http://dbpedia.org/resource/Juventus_Football_Club http://dbpedia.org/resource/Juve http://dbpedia.org/resource/Juventus_F._C. http://dbpedia.org/resource/F.c_juventus http://dbpedia.org/resource/Juventus_de_Turín http://dbpedia.org/resource/Iuventus http://dbpedia.org/resource/F.C._Juventus http://dbpedia.org/resource/Juventus_F.C http://dbpedia.org/resource/FC_Juventus http://dbpedia.org/resource/Bianconeri http://dbpedia.org/resource/Juventus_f.c http://dbpedia.org/resource/Juventus"""
"TOUGH_WEB_HOMO_soccer_players,""1"",""4"",""http://dbpedia.org/resource/Galatasaray_Spor_Kuluebue http://dbpedia.org/resource/Galatasaray_S._K. http://dbpedia.org/resource/Galatasaray_Sports_Club http://dbpedia.org/resource/Galatasaray http://dbpedia.org/resource/GSNET http://dbpedia.org/resource/Galatasaray_S_K http://dbpedia.org/resource/Galatasaray_A.S. http://dbpedia.org/resource/Galatasaray_Spor_Kulubu http://dbpedia.org/resource/GSBilyoner http://dbpedia.org/resource/Galatasaray_Istanbul http://dbpedia.org/resource/Galatasaray_Sigorta http://dbpedia.org/resource/Cimbom http://dbpedia.org/resource/GSYandex http://dbpedia.org/resource/Galatasaray_S.K. http://dbpedia.org/resource/GS_Sigorta_HDI http://dbpedia.org/resource/GS_NET http://dbpedia.org/resource/Ensar_Özden http://dbpedia.org/resource/GS_Bilyoner http://dbpedia.org/resource/Galatasaray_S.K._(sports_club) http://dbpedia.org/resource/Galatasaray_Spor_Kulübü http://dbpedia.org/resource/GSTRAVEL http://dbpedia.org/resource/GSForex http://dbpedia.org/resource/Galatasaray_Store http://dbpedia.org/resource/Cim_bom http://dbpedia.org/resource/Galatasaray_SK http://dbpedia.org/resource/Galatasaray_A.Ş."""
"TOUGH_WEB_HOMO_soccer_players,""1"",""5"",""http://dbpedia.org/resource/Brescia_Calcio"""
"TOUGH_WEB_HOMO_soccer_players,""1"",""6"",""http://dbpedia.org/resource/Cozmo,_the_LA_Galaxy_Mascot http://dbpedia.org/resource/La_Galaxy http://dbpedia.org/resource/Galaxians_(supporters_group) http://dbpedia.org/resource/LA_Galaxy http://dbpedia.org/resource/Galaxy_Ambassadors http://dbpedia.org/resource/L.A._Galaxy http://dbpedia.org/resource/L.A._Riot_Squad http://dbpedia.org/resource/Los_Angeles_Galaxy http://dbpedia.org/resource/La_galaxy http://dbpedia.org/resource/LA_Riot_Squad http://dbpedia.org/resource/Angel_City_Brigade http://dbpedia.org/resource/UFO_(supporters_group)"""
"TOUGH_WEB_HOMO_soccer_players,""1"",""7"",""http://dbpedia.org/resource/Boca_Junior http://dbpedia.org/resource/Boca_Juniors_(futsal) http://dbpedia.org/resource/Boca_Juniors http://dbpedia.org/resource/Club_Club_Atlético_Boca_Juniors http://dbpedia.org/resource/Club_Club_Atletico_Boca_Juniors http://dbpedia.org/resource/Club_Atletico_Boca_Juniors http://dbpedia.org/resource/Club_Atlético_Boca_Juniors http://dbpedia.org/resource/C.A._Boca_Juniors http://dbpedia.org/resource/Boca_Rio_Uruguay_Seg. http://dbpedia.org/resource/CABJ http://dbpedia.org/resource/CA_Boca_Juniors http://dbpedia.org/resource/Boquita"""
"TOUGH_WEB_HOMO_soccer_players,""1"",""8"",""http://dbpedia.org/resource/Blaugrana http://dbpedia.org/resource/F.C.Barcelona http://dbpedia.org/resource/Fc_barcelona_trophies http://dbpedia.org/resource/Blaugranas http://dbpedia.org/resource/Barcelonistes http://dbpedia.org/resource/Barcelona_F._C. http://dbpedia.org/resource/Foot-Ball_Club_Barcelona http://dbpedia.org/resource/Azulgrana http://dbpedia.org/resource/Barcelona_F.C. http://dbpedia.org/resource/CF_Barcelona http://dbpedia.org/resource/Barca_fc http://dbpedia.org/resource/Barcelona_C.F. http://dbpedia.org/resource/FC_Barcelona_trophies http://dbpedia.org/resource/F.c._barça http://dbpedia.org/resource/Barcelona_CF http://dbpedia.org/resource/Fútbol_Club_Barcelona http://dbpedia.org/resource/Barca_FC http://dbpedia.org/resource/Fc_barcelona http://dbpedia.org/resource/Fc_Barça http://dbpedia.org/resource/2017–18_FC_Barcelona_season http://dbpedia.org/resource/Futbol_Club_Barcelona http://dbpedia.org/resource/Més_que_un_club http://dbpedia.org/resource/Barcelona_fc http://dbpedia.org/resource/F.C_Barcelona http://dbpedia.org/resource/Barça_FC http://dbpedia.org/resource/Farsalona http://dbpedia.org/resource/Barcelona_football_club http://dbpedia.org/resource/Mes_que_un_club http://dbpedia.org/resource/Bacelona_fc http://dbpedia.org/resource/Barcelona_Football_Club http://dbpedia.org/resource/Fc_barca http://dbpedia.org/resource/C.F._Barcelona http://dbpedia.org/resource/Barça_f.c. http://dbpedia.org/resource/FCBarcelona http://dbpedia.org/resource/F.c._barca http://dbpedia.org/resource/F.C._Barcelona http://dbpedia.org/resource/Blaugranes http://dbpedia.org/resource/Barça_fc http://dbpedia.org/resource/Fc_Barca http://dbpedia.org/resource/2017-18_FC_Barcelona_season http://dbpedia.org/resource/Barcelona_FC http://dbpedia.org/resource/Barca_f.c. http://dbpedia.org/resource/Football_Club_Barcelona http://dbpedia.org/resource/Barça http://dbpedia.org/resource/FC_Barcelona"""
"TOUGH_WEB_HOMO_soccer_players,""1"",""9"",""http://dbpedia.org/resource/Sagan_Tosu"""
"TOUGH_WEB_HOMO_soccer_players,""1"",""10"",""http://dbpedia.org/resource/Arsenal_London http://dbpedia.org/resource/Arsenal_F._C. http://dbpedia.org/resource/ARSENAL_FOOTBALL_CLUB http://dbpedia.org/resource/Arsenal_Gunners http://dbpedia.org/resource/List_of_current_Arsenal_FC_players http://dbpedia.org/resource/Arsenal_F_C http://dbpedia.org/resource/Arsenal_F.C. http://dbpedia.org/resource/Arsenal_f._c. http://dbpedia.org/resource/The_Gunners http://dbpedia.org/resource/Arsenal_appreciation http://dbpedia.org/resource/Arsenal:The_Official_Magazine http://dbpedia.org/resource/Wolwich_Arsenal http://dbpedia.org/resource/Arsenal_Football_Club http://dbpedia.org/resource/Victoria_Concordia_Crescit http://dbpedia.org/resource/Royal_Arsenal_F.C. http://dbpedia.org/resource/The_Gooners http://dbpedia.org/resource/Arsenal.com http://dbpedia.org/resource/Woolwich_Arsenal_F.C. http://dbpedia.org/resource/Arsenal.F.C http://dbpedia.org/resource/Dial_Square http://dbpedia.org/resource/FC_Arsenal http://dbpedia.org/resource/Arsenal_FC http://dbpedia.org/resource/Arsenal_F.C http://dbpedia.org/resource/The_Arsenal http://dbpedia.org/resource/Arsenal_fc"""
"TOUGH_WEB_HOMO_soccer_players,""1"",""11"",""http://dbpedia.org/resource/New_York_Cosmos_(1971-1985) http://dbpedia.org/resource/New_York_Cosmos_(1971–1985) http://dbpedia.org/resource/The_New_York_Cosmos_(1970–85) http://dbpedia.org/resource/NY_Cosmos http://dbpedia.org/resource/New_York_Cosmos_(1971–85) http://dbpedia.org/resource/New_York_Cosmos_(1971-85) http://dbpedia.org/resource/The_New_York_Cosmos_(1970-85) http://dbpedia.org/resource/New_York_Cosmos_(1970–85) http://dbpedia.org/resource/New_York_Cosmos_(1970-85)"""
"TOUGH_WEB_HOMO_soccer_players,""1"",""12"",""http://dbpedia.org/resource/Paris_St._Germain http://dbpedia.org/resource/Paris_Saint-Germain_FC http://dbpedia.org/resource/Paris-Saint_Germain http://dbpedia.org/resource/Paris_St_Germain http://dbpedia.org/resource/Paris_St_Germaine http://dbpedia.org/resource/Stade_Saint-Germain http://dbpedia.org/resource/Paris_Saint-Germain_Football_Club http://dbpedia.org/resource/Paris_Saint_Germain http://dbpedia.org/resource/Paris_Saint-Germain_F.C. http://dbpedia.org/resource/París_Saint-Germain http://dbpedia.org/resource/Paris_Saint_Germain_F.C. http://dbpedia.org/resource/Paris_SG http://dbpedia.org/resource/Paris_St-Germain http://dbpedia.org/resource/Paris_Saint-Germain http://dbpedia.org/resource/París_Saint-Germain_Football_Club http://dbpedia.org/resource/PSG_FC http://dbpedia.org/resource/PSGFC http://dbpedia.org/resource/Paris-SG"""
"TOUGH_WEB_HOMO_soccer_players,""1"",""13"",""http://dbpedia.org/resource/Internazionale_Milano_F.C. http://dbpedia.org/resource/Ambrosiana-Inter http://dbpedia.org/resource/La_Grande_Inter http://dbpedia.org/resource/F._C._Internazionale_Milano http://dbpedia.org/resource/Internazionale_Football_Club http://dbpedia.org/resource/Internazionale_Milano http://dbpedia.org/resource/F.C._Internazionale_Milano http://dbpedia.org/resource/F.C_Internazionale_Milano http://dbpedia.org/resource/F.C._Internazionale http://dbpedia.org/resource/Inter_milan http://dbpedia.org/resource/Inter_Milano http://dbpedia.org/resource/S.S._Ambrosiana http://dbpedia.org/resource/Football_Club_Internazionale_Milano http://dbpedia.org/resource/FC_Internazionale_Milano http://dbpedia.org/resource/Nerazzurri http://dbpedia.org/resource/F_C_Internazionale_Milano http://dbpedia.org/resource/Internazionale_F.C. http://dbpedia.org/resource/History_of_F.C._Internazionale_Milano_(1960-1968) http://dbpedia.org/resource/Grande_Inter http://dbpedia.org/resource/Inter_FC http://dbpedia.org/resource/AS_Ambrosiana_Inter http://dbpedia.org/resource/Internazionale http://dbpedia.org/resource/FC_Internazionale http://dbpedia.org/resource/F.C.I.M. http://dbpedia.org/resource/Internazionale_Milano_FC http://dbpedia.org/resource/Inter_Milan_FC http://dbpedia.org/resource/Internazionale_Milan http://dbpedia.org/resource/F.C_Internazionale http://dbpedia.org/resource/Internazionale_FC http://dbpedia.org/resource/Inter_Milan_F.C. http://dbpedia.org/resource/Inter_Milan"""
"TOUGH_WEB_HOMO_soccer_players,""1"",""14"",""http://dbpedia.org/resource/Blaugrana http://dbpedia.org/resource/F.C.Barcelona http://dbpedia.org/resource/Fc_barcelona_trophies http://dbpedia.org/resource/Blaugranas http://dbpedia.org/resource/Barcelonistes http://dbpedia.org/resource/Barcelona_F._C. http://dbpedia.org/resource/Foot-Ball_Club_Barcelona http://dbpedia.org/resource/Azulgrana http://dbpedia.org/resource/Barcelona_F.C. http://dbpedia.org/resource/CF_Barcelona http://dbpedia.org/resource/Barca_fc http://dbpedia.org/resource/Barcelona_C.F. http://dbpedia.org/resource/FC_Barcelona_trophies http://dbpedia.org/resource/F.c._barça http://dbpedia.org/resource/Barcelona_CF http://dbpedia.org/resource/Fútbol_Club_Barcelona http://dbpedia.org/resource/Barca_FC http://dbpedia.org/resource/Fc_barcelona http://dbpedia.org/resource/Fc_Barça http://dbpedia.org/resource/2017–18_FC_Barcelona_season http://dbpedia.org/resource/Futbol_Club_Barcelona http://dbpedia.org/resource/Més_que_un_club http://dbpedia.org/resource/Barcelona_fc http://dbpedia.org/resource/F.C_Barcelona http://dbpedia.org/resource/Barça_FC http://dbpedia.org/resource/Farsalona http://dbpedia.org/resource/Barcelona_football_club http://dbpedia.org/resource/Mes_que_un_club http://dbpedia.org/resource/Bacelona_fc http://dbpedia.org/resource/Barcelona_Football_Club http://dbpedia.org/resource/Fc_barca http://dbpedia.org/resource/C.F._Barcelona http://dbpedia.org/resource/Barça_f.c. http://dbpedia.org/resource/FCBarcelona http://dbpedia.org/resource/F.c._barca http://dbpedia.org/resource/F.C._Barcelona http://dbpedia.org/resource/Blaugranes http://dbpedia.org/resource/Barça_fc http://dbpedia.org/resource/Fc_Barca http://dbpedia.org/resource/2017-18_FC_Barcelona_season http://dbpedia.org/resource/Barcelona_FC http://dbpedia.org/resource/Barca_f.c. http://dbpedia.org/resource/Football_Club_Barcelona http://dbpedia.org/resource/Barça http://dbpedia.org/resource/FC_Barcelona"""
"TOUGH_WEB_HOMO_soccer_players,""1"",""15"",""http://dbpedia.org/resource/Hebei_Zhongji_F.C. http://dbpedia.org/resource/Hebei_China_Fortune_F.C. http://dbpedia.org/resource/Hebei_Zhongji http://dbpedia.org/resource/Hebei_China_Fortune"""
"TOUGH_WEB_HOMO_soccer_players,""1"",""16"",""http://dbpedia.org/resource/Paris_St._Germain http://dbpedia.org/resource/Paris_Saint-Germain_FC http://dbpedia.org/resource/Paris-Saint_Germain http://dbpedia.org/resource/Paris_St_Germain http://dbpedia.org/resource/Paris_St_Germaine http://dbpedia.org/resource/Stade_Saint-Germain http://dbpedia.org/resource/Paris_Saint-Germain_Football_Club http://dbpedia.org/resource/Paris_Saint_Germain http://dbpedia.org/resource/Paris_Saint-Germain_F.C. http://dbpedia.org/resource/París_Saint-Germain http://dbpedia.org/resource/Paris_Saint_Germain_F.C. http://dbpedia.org/resource/Paris_SG http://dbpedia.org/resource/Paris_St-Germain http://dbpedia.org/resource/Paris_Saint-Germain http://dbpedia.org/resource/París_Saint-Germain_Football_Club http://dbpedia.org/resource/PSG_FC http://dbpedia.org/resource/PSGFC http://dbpedia.org/resource/Paris-SG"""
"TOUGH_WEB_HOMO_soccer_players,""2"",""1"",""http://dbpedia.org/resource/Argentinie http://dbpedia.org/resource/Nacion_Argentina http://dbpedia.org/resource/Republic_of_Argentina http://dbpedia.org/resource/Argie http://dbpedia.org/resource/Argentinia http://dbpedia.org/resource/Arghantina http://dbpedia.org/resource/Land_of_silver http://dbpedia.org/resource/ISO_3166-1:AR http://dbpedia.org/resource/Argentine_republic http://dbpedia.org/resource/The_Argentine_Republic http://dbpedia.org/resource/Argentine_Republic http://dbpedia.org/resource/Argentina_Information http://dbpedia.org/resource/Airgintin http://dbpedia.org/resource/Argentina_Republic http://dbpedia.org/resource/Nación_Argentina http://dbpedia.org/resource/Argentina http://dbpedia.org/resource/Republica_Argentina http://dbpedia.org/resource/Argintina http://dbpedia.org/resource/Argentiina http://dbpedia.org/resource/Argies http://dbpedia.org/resource/República_Argentina"""
"TOUGH_WEB_HOMO_soccer_players,""2"",""2"",""http://dbpedia.org/resource/Italy http://dbpedia.org/resource/Itàlia http://dbpedia.org/resource/Italian_Republic http://dbpedia.org/resource/Administrative_divisions_of_Italy http://dbpedia.org/resource/Etymology_of_Italy http://dbpedia.org/resource/Pollution_in_Italy http://dbpedia.org/resource/ItalY http://dbpedia.org/resource/Italia http://dbpedia.org/resource/Administrative_subdivisions_of_Italy http://dbpedia.org/resource/Itali http://dbpedia.org/resource/Environment_of_Italy http://dbpedia.org/resource/Austrian_Empire_(Italy) http://dbpedia.org/resource/Italija http://dbpedia.org/resource/Italio http://dbpedia.org/resource/Italiën http://dbpedia.org/resource/Italie http://dbpedia.org/resource/Subdivisions_of_Italy http://dbpedia.org/resource/Republic_of_Italy http://dbpedia.org/resource/The_Italian_republic http://dbpedia.org/resource/ISO_3166-1:IT http://dbpedia.org/resource/Repubblica_Italiana"""
"TOUGH_WEB_HOMO_soccer_players,""2"",""3"",""http://dbpedia.org/resource/Portugál http://dbpedia.org/resource/PORTUGAL http://dbpedia.org/resource/Portingale http://dbpedia.org/resource/Portugall http://dbpedia.org/resource/Portugale http://dbpedia.org/resource/Portuga http://dbpedia.org/resource/Pertual http://dbpedia.org/resource/Portugāle http://dbpedia.org/resource/Potiti http://dbpedia.org/resource/Portugal http://dbpedia.org/resource/Republica_Portuguesa http://dbpedia.org/resource/Portogalo http://dbpedia.org/resource/Portegal http://dbpedia.org/resource/Portugaul http://dbpedia.org/resource/O_Papagaio http://dbpedia.org/resource/Portûnga http://dbpedia.org/resource/Portugual http://dbpedia.org/resource/Potigal http://dbpedia.org/resource/Portekiz http://dbpedia.org/resource/Portugalska http://dbpedia.org/resource/Portiwgal http://dbpedia.org/resource/ISO_3166-1:PT http://dbpedia.org/resource/Portugalija http://dbpedia.org/resource/Portyngal http://dbpedia.org/resource/Portugalio http://dbpedia.org/resource/Portugali http://dbpedia.org/resource/Portunga http://dbpedia.org/resource/Portugalėjė http://dbpedia.org/resource/Pòtigal http://dbpedia.org/resource/Portugalujo http://dbpedia.org/resource/Portuguese_Republic http://dbpedia.org/resource/Phû-tô-gâ http://dbpedia.org/resource/Portgual http://dbpedia.org/resource/An_Phortaingéil http://dbpedia.org/resource/República_Portuguesa http://dbpedia.org/resource/Portúgal http://dbpedia.org/resource/Portekîz http://dbpedia.org/resource/Yn_Phortiugal http://dbpedia.org/resource/Portugul http://dbpedia.org/resource/Republic_of_Portugal http://dbpedia.org/resource/An_Phortaingeil http://dbpedia.org/resource/Portogało http://dbpedia.org/resource/Portugalsko http://dbpedia.org/resource/Portugaleje http://dbpedia.org/resource/Portugallu http://dbpedia.org/resource/Phu-to-ga http://dbpedia.org/resource/Portogallo"""
"TOUGH_WEB_HOMO_soccer_players,""2"",""4"",""http://dbpedia.org/resource/The_Republic_of_Colombia http://dbpedia.org/resource/Republica_de_Colombia http://dbpedia.org/resource/República_de_Colombia http://dbpedia.org/resource/Republic_of_Colombia http://dbpedia.org/resource/Republic_of_Columbia http://dbpedia.org/resource/Name_of_Colombia http://dbpedia.org/resource/Colombia http://dbpedia.org/resource/Colombiá http://dbpedia.org/resource/Etymology_of_Colombia http://dbpedia.org/resource/ISO_3166-1:CO"""
"TOUGH_WEB_HOMO_soccer_players,""2"",""5"",""http://dbpedia.org/resource/Italy http://dbpedia.org/resource/Itàlia http://dbpedia.org/resource/Italian_Republic http://dbpedia.org/resource/Administrative_divisions_of_Italy http://dbpedia.org/resource/Etymology_of_Italy http://dbpedia.org/resource/Pollution_in_Italy http://dbpedia.org/resource/ItalY http://dbpedia.org/resource/Italia http://dbpedia.org/resource/Administrative_subdivisions_of_Italy http://dbpedia.org/resource/Itali http://dbpedia.org/resource/Environment_of_Italy http://dbpedia.org/resource/Austrian_Empire_(Italy) http://dbpedia.org/resource/Italija http://dbpedia.org/resource/Italio http://dbpedia.org/resource/Italiën http://dbpedia.org/resource/Italie http://dbpedia.org/resource/Subdivisions_of_Italy http://dbpedia.org/resource/Republic_of_Italy http://dbpedia.org/resource/The_Italian_republic http://dbpedia.org/resource/ISO_3166-1:IT http://dbpedia.org/resource/Repubblica_Italiana"""
"TOUGH_WEB_HOMO_soccer_players,""2"",""6"",""http://dbpedia.org/resource/Meixcan http://dbpedia.org/resource/Mexico_(country) http://dbpedia.org/resource/MEXICO http://dbpedia.org/resource/The_United_States_of_Mexicans http://dbpedia.org/resource/Mexico http://dbpedia.org/resource/Mexique http://dbpedia.org/resource/United_States_of_Mexico http://dbpedia.org/resource/Mexican_Union http://dbpedia.org/resource/Mexican' http://dbpedia.org/resource/United_states_of_mexico http://dbpedia.org/resource/Old_Mexico http://dbpedia.org/resource/Mexicó http://dbpedia.org/resource/Estados_Unidos_Mexicanos http://dbpedia.org/resource/E._U._M. http://dbpedia.org/resource/Mexican_Federal_Republic http://dbpedia.org/resource/Etymology_of_Mexico http://dbpedia.org/resource/Sierra_de_la_Estrella http://dbpedia.org/resource/The_United_States_of_Mexico http://dbpedia.org/resource/Mexican_coast http://dbpedia.org/resource/Mexic http://dbpedia.org/resource/Méjico http://dbpedia.org/resource/Estados_Unidos_de_México http://dbpedia.org/resource/The_United_State_of_Mexico http://dbpedia.org/resource/Estados_Unidos_de_Mexico http://dbpedia.org/resource/Mexican_United_States http://dbpedia.org/resource/ISO_3166-1:MX http://dbpedia.org/resource/Mexxico http://dbpedia.org/resource/E.U.M. http://dbpedia.org/resource/México http://dbpedia.org/resource/Mexiko http://dbpedia.org/resource/Mejico http://dbpedia.org/resource/United_States_of_Mexicans http://dbpedia.org/resource/Mehico http://dbpedia.org/resource/United_Mexican_States http://dbpedia.org/resource/United_State_of_Mexico http://dbpedia.org/resource/Mexican_Republic http://dbpedia.org/resource/Messico http://dbpedia.org/resource/Untied_Mexican_States http://dbpedia.org/resource/The_United_Mexican_States http://dbpedia.org/resource/EUM http://dbpedia.org/resource/Republic_of_Mexico"""
"TOUGH_WEB_HOMO_soccer_players,""2"",""7"",""http://dbpedia.org/resource/Argentinie http://dbpedia.org/resource/Nacion_Argentina http://dbpedia.org/resource/Republic_of_Argentina http://dbpedia.org/resource/Argie http://dbpedia.org/resource/Argentinia http://dbpedia.org/resource/Arghantina http://dbpedia.org/resource/Land_of_silver http://dbpedia.org/resource/ISO_3166-1:AR http://dbpedia.org/resource/Argentine_republic http://dbpedia.org/resource/The_Argentine_Republic http://dbpedia.org/resource/Argentine_Republic http://dbpedia.org/resource/Argentina_Information http://dbpedia.org/resource/Airgintin http://dbpedia.org/resource/Argentina_Republic http://dbpedia.org/resource/Nación_Argentina http://dbpedia.org/resource/Argentina http://dbpedia.org/resource/Republica_Argentina http://dbpedia.org/resource/Argintina http://dbpedia.org/resource/Argentiina http://dbpedia.org/resource/Argies http://dbpedia.org/resource/República_Argentina"""
"TOUGH_WEB_HOMO_soccer_players,""2"",""8"",""http://dbpedia.org/resource/Health_in_Uruguay http://dbpedia.org/resource/Urú http://dbpedia.org/resource/Uruguai http://dbpedia.org/resource/Health_care_in_Uruguay http://dbpedia.org/resource/Media_of_Uruguay http://dbpedia.org/resource/República_Oriental_del_Uruguay http://dbpedia.org/resource/Uruguay_(country) http://dbpedia.org/resource/Eastern_Republic_of_Uruguay http://dbpedia.org/resource/Name_of_Uruguay http://dbpedia.org/resource/Uruguay http://dbpedia.org/resource/Republic_of_Uruguay http://dbpedia.org/resource/Eastern_Republic_of_the_Uruguay http://dbpedia.org/resource/Oriental_Republic_of_Uruguay http://dbpedia.org/resource/Uruguayo http://dbpedia.org/resource/Cruzada_Libertadora http://dbpedia.org/resource/Uraguay http://dbpedia.org/resource/ISO_3166-1:UY http://dbpedia.org/resource/Etymology_of_Uruguay http://dbpedia.org/resource/Republic_East_of_the_Uruguay http://dbpedia.org/resource/Languages_of_Uruguay"""
"TOUGH_WEB_HOMO_soccer_players,""2"",""9"",""http://dbpedia.org/resource/Regne_d'Espanya http://dbpedia.org/resource/Espainia http://dbpedia.org/resource/Reino_de_Espana http://dbpedia.org/resource/Espagna http://dbpedia.org/resource/Reino_de_España http://dbpedia.org/resource/Etymology_of_Spain http://dbpedia.org/resource/España http://dbpedia.org/resource/Kingdom_of_Spain http://dbpedia.org/resource/Regne_d'Espanha http://dbpedia.org/resource/Espanya http://dbpedia.org/resource/Spanish_Kingdom http://dbpedia.org/resource/Espańa http://dbpedia.org/resource/Mountains_of_Spain http://dbpedia.org/resource/SPAIN http://dbpedia.org/resource/The_Spanish_Society http://dbpedia.org/resource/ISO_3166-1:ES http://dbpedia.org/resource/Espainiako_Erresuma http://dbpedia.org/resource/Spane http://dbpedia.org/resource/Espana http://dbpedia.org/resource/Islands_of_Spain http://dbpedia.org/resource/Kingdom_of_the_Spains http://dbpedia.org/resource/Name_of_Spain http://dbpedia.org/resource/Spain"""
"TOUGH_WEB_HOMO_soccer_players,""2"",""10"",""http://dbpedia.org/resource/Netherlands/HistoryTalk http://dbpedia.org/resource/Netherlands,_The http://dbpedia.org/resource/ISO_3166-1:NL http://dbpedia.org/resource/Olanda http://dbpedia.org/resource/Climate_of_the_Netherlands http://dbpedia.org/resource/NETHERLANDS http://dbpedia.org/resource/Mainland_Netherlands http://dbpedia.org/resource/The_Netheralands http://dbpedia.org/resource/Dutch_inhabitants http://dbpedia.org/resource/Nyderlandai http://dbpedia.org/resource/The_netherland http://dbpedia.org/resource/Metropolitan_Netherlands http://dbpedia.org/resource/Subdivisions_of_the_Netherlands http://dbpedia.org/resource/The_netherlands http://dbpedia.org/resource/Administrative_divisions_of_the_Netherlands http://dbpedia.org/resource/Netherlands_(European_territory) http://dbpedia.org/resource/Netherlands,_(Dut/Hol) http://dbpedia.org/resource/Nederlandia http://dbpedia.org/resource/The_Netherlands http://dbpedia.org/resource/Capitals_of_Holland http://dbpedia.org/resource/Netherland http://dbpedia.org/resource/Pays-Bas http://dbpedia.org/resource/Nehterlands http://dbpedia.org/resource/Holland_(country) http://dbpedia.org/resource/Administrative_divisions_of_the_netherlands http://dbpedia.org/resource/Netherlands http://dbpedia.org/resource/Neatherlands http://dbpedia.org/resource/Northern_Netherlands"""
"TOUGH_WEB_HOMO_soccer_players,""2"",""11"",""http://dbpedia.org/resource/Federative_republic_of_Brazil http://dbpedia.org/resource/Brzil http://dbpedia.org/resource/Brassil http://dbpedia.org/resource/Brésil http://dbpedia.org/resource/Republica_Federativa_do_Brasil http://dbpedia.org/resource/Etymology_of_Brazil http://dbpedia.org/resource/Brazil_(country) http://dbpedia.org/resource/Brazilo http://dbpedia.org/resource/República_Federativa_do_Brasil http://dbpedia.org/resource/Political_system_of_Brazil http://dbpedia.org/resource/Brasil http://dbpedia.org/resource/ISO_3166-1:BR http://dbpedia.org/resource/Bresil http://dbpedia.org/resource/Federal_Republic_of_Brazil http://dbpedia.org/resource/Brazil http://dbpedia.org/resource/Federative_Republic_of_Brazil http://dbpedia.org/resource/Republic_of_Brazil http://dbpedia.org/resource/Brazilian_Federative_Republic http://dbpedia.org/resource/Barzil http://dbpedia.org/resource/Brazilian_Republic"""
"TOUGH_WEB_HOMO_soccer_players,""2"",""12"",""http://dbpedia.org/resource/Federative_republic_of_Brazil http://dbpedia.org/resource/Brzil http://dbpedia.org/resource/Brassil http://dbpedia.org/resource/Brésil http://dbpedia.org/resource/Republica_Federativa_do_Brasil http://dbpedia.org/resource/Etymology_of_Brazil http://dbpedia.org/resource/Brazil_(country) http://dbpedia.org/resource/Brazilo http://dbpedia.org/resource/República_Federativa_do_Brasil http://dbpedia.org/resource/Political_system_of_Brazil http://dbpedia.org/resource/Brasil http://dbpedia.org/resource/ISO_3166-1:BR http://dbpedia.org/resource/Bresil http://dbpedia.org/resource/Federal_Republic_of_Brazil http://dbpedia.org/resource/Brazil http://dbpedia.org/resource/Federative_Republic_of_Brazil http://dbpedia.org/resource/Republic_of_Brazil http://dbpedia.org/resource/Brazilian_Federative_Republic http://dbpedia.org/resource/Barzil http://dbpedia.org/resource/Brazilian_Republic"""
"TOUGH_WEB_HOMO_soccer_players,""2"",""13"",""http://dbpedia.org/resource/Republic_of_Chile http://dbpedia.org/resource/Chile http://dbpedia.org/resource/Name_of_Chile http://dbpedia.org/resource/Chilé http://dbpedia.org/resource/Cxilio http://dbpedia.org/resource/ISO_3166-1:CL http://dbpedia.org/resource/State_of_Chile http://dbpedia.org/resource/Cile http://dbpedia.org/resource/Etymology_of_Chile http://dbpedia.org/resource/Chilean_Republic http://dbpedia.org/resource/República_de_Chile"""
"TOUGH_WEB_HOMO_soccer_players,""2"",""14"",""http://dbpedia.org/resource/Climate_of_France http://dbpedia.org/resource/Bro-C'hall http://dbpedia.org/resource/Franse_Republiek http://dbpedia.org/resource/Franzoesische_Republik http://dbpedia.org/resource/France http://dbpedia.org/resource/Republica_Francesa http://dbpedia.org/resource/Gallaoued http://dbpedia.org/resource/ISO_3166-1:FR http://dbpedia.org/resource/Francland http://dbpedia.org/resource/Republique_francaise http://dbpedia.org/resource/Frankreich http://dbpedia.org/resource/Belle_France http://dbpedia.org/resource/Frankrich http://dbpedia.org/resource/Republic_of_France http://dbpedia.org/resource/Frqnce http://dbpedia.org/resource/Frencisc_Cynewīse http://dbpedia.org/resource/La_France http://dbpedia.org/resource/République_française http://dbpedia.org/resource/People_of_France http://dbpedia.org/resource/Ranska http://dbpedia.org/resource/Republik_Frañs http://dbpedia.org/resource/Französische_Republik http://dbpedia.org/resource/Republic_of_france http://dbpedia.org/resource/FRance http://dbpedia.org/resource/FRANCE http://dbpedia.org/resource/Franzosische_Republik http://dbpedia.org/resource/Frakkland http://dbpedia.org/resource/Republik_Frans http://dbpedia.org/resource/Etymology_of_France http://dbpedia.org/resource/Frànkrich http://dbpedia.org/resource/Rain_in_France http://dbpedia.org/resource/French_Republic http://dbpedia.org/resource/Fracne http://dbpedia.org/resource/FrancE http://dbpedia.org/resource/France_(country) http://dbpedia.org/resource/Franse"""
"TOUGH_WEB_HOMO_soccer_players,""2"",""15"",""http://dbpedia.org/resource/Argentinie http://dbpedia.org/resource/Nacion_Argentina http://dbpedia.org/resource/Republic_of_Argentina http://dbpedia.org/resource/Argie http://dbpedia.org/resource/Argentinia http://dbpedia.org/resource/Arghantina http://dbpedia.org/resource/Land_of_silver http://dbpedia.org/resource/ISO_3166-1:AR http://dbpedia.org/resource/Argentine_republic http://dbpedia.org/resource/The_Argentine_Republic http://dbpedia.org/resource/Argentine_Republic http://dbpedia.org/resource/Argentina_Information http://dbpedia.org/resource/Airgintin http://dbpedia.org/resource/Argentina_Republic http://dbpedia.org/resource/Nación_Argentina http://dbpedia.org/resource/Argentina http://dbpedia.org/resource/Republica_Argentina http://dbpedia.org/resource/Argintina http://dbpedia.org/resource/Argentiina http://dbpedia.org/resource/Argies http://dbpedia.org/resource/República_Argentina"""
"TOUGH_WEB_HOMO_soccer_players,""2"",""16"",""http://dbpedia.org/resource/Health_in_Uruguay http://dbpedia.org/resource/Urú http://dbpedia.org/resource/Uruguai http://dbpedia.org/resource/Health_care_in_Uruguay http://dbpedia.org/resource/Media_of_Uruguay http://dbpedia.org/resource/República_Oriental_del_Uruguay http://dbpedia.org/resource/Uruguay_(country) http://dbpedia.org/resource/Eastern_Republic_of_Uruguay http://dbpedia.org/resource/Name_of_Uruguay http://dbpedia.org/resource/Uruguay http://dbpedia.org/resource/Republic_of_Uruguay http://dbpedia.org/resource/Eastern_Republic_of_the_Uruguay http://dbpedia.org/resource/Oriental_Republic_of_Uruguay http://dbpedia.org/resource/Uruguayo http://dbpedia.org/resource/Cruzada_Libertadora http://dbpedia.org/resource/Uraguay http://dbpedia.org/resource/ISO_3166-1:UY http://dbpedia.org/resource/Etymology_of_Uruguay http://dbpedia.org/resource/Republic_East_of_the_Uruguay http://dbpedia.org/resource/Languages_of_Uruguay"""
