"TOUGH_DBP_HOMO_players_in_clubs,""0"",""1"",""http://dbpedia.org/resource/George_Anderson_(footballer,_born_1953) http://dbpedia.org/resource/George_Anderson_(footballer_born_1953)"""
"TOUGH_DBP_HOMO_players_in_clubs,""0"",""2"",""http://dbpedia.org/resource/Samuel_Young_(footballer)"""
"TOUGH_DBP_HOMO_players_in_clubs,""0"",""3"",""http://dbpedia.org/resource/James_Price_(footballer)"""
"TOUGH_DBP_HOMO_players_in_clubs,""0"",""4"",""http://dbpedia.org/resource/Bobby_Howe_(footballer_born_1945) http://dbpedia.org/resource/Bobby_Howe_(footballer,_born_1945)"""
"TOUGH_DBP_HOMO_players_in_clubs,""0"",""5"",""http://dbpedia.org/resource/Alfred_Brown_(footballer_born_1898) http://dbpedia.org/resource/Alfred_Brown_(footballer)"""
"TOUGH_DBP_HOMO_players_in_clubs,""0"",""6"",""http://dbpedia.org/resource/Tom_Taylor_(English_Footballer) http://dbpedia.org/resource/Tom_Taylor_(born_1985) http://dbpedia.org/resource/Tom_Taylor_(English_footballer)"""
"TOUGH_DBP_HOMO_players_in_clubs,""0"",""7"",""http://dbpedia.org/resource/John_Miller_(footballer,_born_1870) http://dbpedia.org/resource/John_Miller_(footballer_born_1870)"""
"TOUGH_DBP_HOMO_players_in_clubs,""0"",""8"",""http://dbpedia.org/resource/James_Hopkins_(footballer,_born_1901) http://dbpedia.org/resource/James_Hopkins_(footballer_born_1901)"""
"TOUGH_DBP_HOMO_players_in_clubs,""0"",""9"",""http://dbpedia.org/resource/John_Gardiner_(footballer,_born_1958) http://dbpedia.org/resource/John_Gardiner_(footballer_born_1958)"""
"TOUGH_DBP_HOMO_players_in_clubs,""0"",""10"",""http://dbpedia.org/resource/Baden_Powell_(footballer)"""
"TOUGH_DBP_HOMO_players_in_clubs,""0"",""11"",""http://dbpedia.org/resource/Bojan_Vuckovic_(soccer) http://dbpedia.org/resource/Bo_Vuckovic http://dbpedia.org/resource/Bojan_Vuckovic_(footballer) http://dbpedia.org/resource/Bojan_Vučković_(footballer) http://dbpedia.org/resource/Bojan_Vuckovic_(soccer_player)"""
"TOUGH_DBP_HOMO_players_in_clubs,""0"",""12"",""http://dbpedia.org/resource/David_Butler_(footballer,_born_1953) http://dbpedia.org/resource/David_Butler_(footballer_born_1953)"""
"TOUGH_DBP_HOMO_players_in_clubs,""0"",""13"",""http://dbpedia.org/resource/Gareth_Williams_(1967_footballer) http://dbpedia.org/resource/Gareth_Williams_(footballer_born_1967) http://dbpedia.org/resource/Gareth_Williams_(English_footballer)"""
"TOUGH_DBP_HOMO_players_in_clubs,""0"",""14"",""http://dbpedia.org/resource/Gordon_Harris_(footballer)"""
"TOUGH_DBP_HOMO_players_in_clubs,""0"",""15"",""http://dbpedia.org/resource/Paul_Keegan_(footballer,_born_1972) http://dbpedia.org/resource/Paul_Keegan_(footballer_born_1972)"""
"TOUGH_DBP_HOMO_players_in_clubs,""0"",""16"",""http://dbpedia.org/resource/Alexander_Wood_(footballer)"""
"TOUGH_DBP_HOMO_players_in_clubs,""0"",""17"",""http://dbpedia.org/resource/Pat_McMahon_(footballer,_born_1945)"""
"TOUGH_DBP_HOMO_players_in_clubs,""0"",""18"",""http://dbpedia.org/resource/David_Rooney_(Gaelic_footballer)"""
"TOUGH_DBP_HOMO_players_in_clubs,""0"",""19"",""http://dbpedia.org/resource/John_Hinton_(footballer)"""
"TOUGH_DBP_HOMO_players_in_clubs,""0"",""20"",""http://dbpedia.org/resource/George_Brown_(footballer_born_1928) http://dbpedia.org/resource/George_Brown_(footballer,_born_1928)"""
"TOUGH_DBP_HOMO_players_in_clubs,""0"",""21"",""http://dbpedia.org/resource/Colin_McDonald_(footballer,_born_1974) http://dbpedia.org/resource/Colin_McDonald_(footballer_born_1974) http://dbpedia.org/resource/Colin_McDonald_(Scottish_footballer)"""
"TOUGH_DBP_HOMO_players_in_clubs,""0"",""22"",""http://dbpedia.org/resource/Colin_Campbell_(footballer,_born_1956)"""
"TOUGH_DBP_HOMO_players_in_clubs,""0"",""23"",""http://dbpedia.org/resource/Richard_Boucher_(footballer)"""
"TOUGH_DBP_HOMO_players_in_clubs,""0"",""24"",""http://dbpedia.org/resource/George_Forbes_(footballer)"""
"TOUGH_DBP_HOMO_players_in_clubs,""0"",""25"",""http://dbpedia.org/resource/Johnny_Edgar_(Scottish_footballer) http://dbpedia.org/resource/John_Edgar_(Scottish_footballer)"""
"TOUGH_DBP_HOMO_players_in_clubs,""0"",""26"",""http://dbpedia.org/resource/John_Dempsey_(footballer) http://dbpedia.org/resource/John_Dempsey_(footballer_born_1946) http://dbpedia.org/resource/John_Dempsey_(footballer,_born_1946)"""
"TOUGH_DBP_HOMO_players_in_clubs,""0"",""27"",""http://dbpedia.org/resource/Hiroshi_Saito_(footballer)"""
"TOUGH_DBP_HOMO_players_in_clubs,""0"",""28"",""http://dbpedia.org/resource/Simon_Thomas_(soccer)"""
"TOUGH_DBP_HOMO_players_in_clubs,""0"",""29"",""http://dbpedia.org/resource/Boris_Nikolov_(footballer) http://dbpedia.org/resource/Boris_Nikolof http://dbpedia.org/resource/Nikolov_the_Bear"""
"TOUGH_DBP_HOMO_players_in_clubs,""0"",""30"",""http://dbpedia.org/resource/Steve_Reid_(soccer)"""
"TOUGH_DBP_HOMO_players_in_clubs,""0"",""31"",""http://dbpedia.org/resource/Craig_Nelson_(footballer)"""
"TOUGH_DBP_HOMO_players_in_clubs,""0"",""32"",""http://dbpedia.org/resource/Barry_Powell_(footballer)"""
"TOUGH_DBP_HOMO_players_in_clubs,""0"",""33"",""http://dbpedia.org/resource/James_Brown_(Australian_footballer)"""
"TOUGH_DBP_HOMO_players_in_clubs,""0"",""34"",""http://dbpedia.org/resource/Ian_Cameron_(footballer)"""
"TOUGH_DBP_HOMO_players_in_clubs,""0"",""35"",""http://dbpedia.org/resource/Peter_Boyle_(footballer_born_1876) http://dbpedia.org/resource/Peter_Boyle_(footballer,_born_1876)"""
"TOUGH_DBP_HOMO_players_in_clubs,""0"",""36"",""http://dbpedia.org/resource/John_Meredith_(footballer)"""
"TOUGH_DBP_HOMO_players_in_clubs,""0"",""37"",""http://dbpedia.org/resource/David_Bradford_(footballer)"""
"TOUGH_DBP_HOMO_players_in_clubs,""0"",""38"",""http://dbpedia.org/resource/Brian_Lewis_(footballer)"""
"TOUGH_DBP_HOMO_players_in_clubs,""0"",""39"",""http://dbpedia.org/resource/Joe_Clarke_(soccer)"""
"TOUGH_DBP_HOMO_players_in_clubs,""0"",""40"",""http://dbpedia.org/resource/John_Kennedy_(footballer_born_1939) http://dbpedia.org/resource/John_Kennedy_(Northern_Irish_footballer) http://dbpedia.org/resource/Jack_Kennedy_(Northern_Irish_footballer) http://dbpedia.org/resource/Jack_Kennedy_(footballer_born_1939)"""
"TOUGH_DBP_HOMO_players_in_clubs,""0"",""41"",""http://dbpedia.org/resource/Ryan_Ford_(footballer)"""
"TOUGH_DBP_HOMO_players_in_clubs,""0"",""42"",""http://dbpedia.org/resource/Patrick_Cassidy_(footballer)"""
"TOUGH_DBP_HOMO_players_in_clubs,""0"",""43"",""http://dbpedia.org/resource/John_Anton_(soccer)"""
"TOUGH_DBP_HOMO_players_in_clubs,""0"",""44"",""http://dbpedia.org/resource/Robert_Reilly_(footballer)"""
"TOUGH_DBP_HOMO_players_in_clubs,""0"",""45"",""http://dbpedia.org/resource/Jean_Laurent_(footballer)"""
"TOUGH_DBP_HOMO_players_in_clubs,""0"",""46"",""http://dbpedia.org/resource/David_Morris_(soccer)"""
"TOUGH_DBP_HOMO_players_in_clubs,""0"",""47"",""http://dbpedia.org/resource/Samuel_Young_(footballer)"""
"TOUGH_DBP_HOMO_players_in_clubs,""0"",""48"",""http://dbpedia.org/resource/Alex_Weir_(soccer)"""
"TOUGH_DBP_HOMO_players_in_clubs,""0"",""49"",""http://dbpedia.org/resource/Owen_Madden_(footballer)"""
"TOUGH_DBP_HOMO_players_in_clubs,""0"",""50"",""http://dbpedia.org/resource/Gordon_McLeod_(footballer)"""
"TOUGH_DBP_HOMO_players_in_clubs,""0"",""51"",""http://dbpedia.org/resource/Robert_Scott_(footballer,_born_1870) http://dbpedia.org/resource/Robert_Scott_(footballer_born_1870)"""
"TOUGH_DBP_HOMO_players_in_clubs,""0"",""52"",""http://dbpedia.org/resource/Juan_Cano_(soccer)"""
"TOUGH_DBP_HOMO_players_in_clubs,""0"",""53"",""http://dbpedia.org/resource/Justin_Jackson_(footballer)"""
"TOUGH_DBP_HOMO_players_in_clubs,""0"",""54"",""http://dbpedia.org/resource/John_Murdoch_(footballer)"""
"TOUGH_DBP_HOMO_players_in_clubs,""0"",""55"",""http://dbpedia.org/resource/Charles_Webb_(footballer)"""
"TOUGH_DBP_HOMO_players_in_clubs,""0"",""56"",""http://dbpedia.org/resource/John_Brooks_(footballer,_born_1956)"""
"TOUGH_DBP_HOMO_players_in_clubs,""0"",""57"",""http://dbpedia.org/resource/Tony_Johnson_(soccer)"""
"TOUGH_DBP_HOMO_players_in_clubs,""0"",""58"",""http://dbpedia.org/resource/Greg_Shaw_(footballer)"""
"TOUGH_DBP_HOMO_players_in_clubs,""0"",""59"",""http://dbpedia.org/resource/James_Sheridan_(footballer)"""
"TOUGH_DBP_HOMO_players_in_clubs,""0"",""60"",""http://dbpedia.org/resource/Micky_Good http://dbpedia.org/resource/Michael_Good_(footballer)"""
"TOUGH_DBP_HOMO_players_in_clubs,""0"",""61"",""http://dbpedia.org/resource/Paul_Hammond_(footballer)"""
"TOUGH_DBP_HOMO_players_in_clubs,""0"",""62"",""http://dbpedia.org/resource/Willie_McLean_(Scottish_footballer)"""
"TOUGH_DBP_HOMO_players_in_clubs,""0"",""63"",""http://dbpedia.org/resource/John_MacDonald_(footballer)"""
"TOUGH_DBP_HOMO_players_in_clubs,""0"",""64"",""http://dbpedia.org/resource/James_Duncan_(outside_left)"""
"TOUGH_DBP_HOMO_players_in_clubs,""0"",""65"",""http://dbpedia.org/resource/Keith_Alexander_(footballer)"""
"TOUGH_DBP_HOMO_players_in_clubs,""0"",""66"",""http://dbpedia.org/resource/Adriano_Facchini_(footballer)"""
"TOUGH_DBP_HOMO_players_in_clubs,""0"",""67"",""http://dbpedia.org/resource/John_Hill_(Scottish_footballer)"""
"TOUGH_DBP_HOMO_players_in_clubs,""0"",""68"",""http://dbpedia.org/resource/John_Bain_(soccer)"""
"TOUGH_DBP_HOMO_players_in_clubs,""0"",""69"",""http://dbpedia.org/resource/Ian_Clarke_(soccer)"""
"TOUGH_DBP_HOMO_players_in_clubs,""0"",""70"",""http://dbpedia.org/resource/Gary_Collier_(footballer)"""
"TOUGH_DBP_HOMO_players_in_clubs,""0"",""71"",""http://dbpedia.org/resource/Matthew_Turner_(footballer)"""
"TOUGH_DBP_HOMO_players_in_clubs,""0"",""72"",""http://dbpedia.org/resource/Arthur_Stewart_(footballer)"""
"TOUGH_DBP_HOMO_players_in_clubs,""0"",""73"",""http://dbpedia.org/resource/John_Rowlands_(football) http://dbpedia.org/resource/John_Rowlands_(soccer) http://dbpedia.org/resource/John_Rowlands_(footballer)"""
"TOUGH_DBP_HOMO_players_in_clubs,""0"",""74"",""http://dbpedia.org/resource/David_Dixon_(footballer)"""
"TOUGH_DBP_HOMO_players_in_clubs,""0"",""75"",""http://dbpedia.org/resource/Alexander_Thomson_(footballer)"""
"TOUGH_DBP_HOMO_players_in_clubs,""0"",""76"",""http://dbpedia.org/resource/Allan_Taylor_(footballer)"""
"TOUGH_DBP_HOMO_players_in_clubs,""0"",""77"",""http://dbpedia.org/resource/David_Butler_(footballer,_born_1953) http://dbpedia.org/resource/David_Butler_(footballer_born_1953)"""
"TOUGH_DBP_HOMO_players_in_clubs,""0"",""78"",""http://dbpedia.org/resource/David_Doyle_(soccer)"""
"TOUGH_DBP_HOMO_players_in_clubs,""0"",""79"",""http://dbpedia.org/resource/Kevin_Ellis_(American_soccer) http://dbpedia.org/resource/Kevin_Ellis_(soccer,_born_1991)"""
"TOUGH_DBP_HOMO_players_in_clubs,""0"",""80"",""http://dbpedia.org/resource/Brandon_McDonald_(soccer)"""
"TOUGH_DBP_HOMO_players_in_clubs,""0"",""81"",""http://dbpedia.org/resource/John_Rowlands_(football) http://dbpedia.org/resource/John_Rowlands_(soccer) http://dbpedia.org/resource/John_Rowlands_(footballer)"""
"TOUGH_DBP_HOMO_players_in_clubs,""0"",""82"",""http://dbpedia.org/resource/Cliff_Brown_(soccer)"""
"TOUGH_DBP_HOMO_players_in_clubs,""0"",""83"",""http://dbpedia.org/resource/Cem_Sultan_(footballer)"""
"TOUGH_DBP_HOMO_players_in_clubs,""0"",""84"",""http://dbpedia.org/resource/John_Page_(footballer)"""
"TOUGH_DBP_HOMO_players_in_clubs,""0"",""85"",""http://dbpedia.org/resource/Scott_Barrett_(footballer)"""
"TOUGH_DBP_HOMO_players_in_clubs,""0"",""86"",""http://dbpedia.org/resource/Saša_Ilić_(born_1977) http://dbpedia.org/resource/Sasa_Ilic_(midfielder) http://dbpedia.org/resource/Sasa_Ilic_(footballer,_born_1977) http://dbpedia.org/resource/Sasa_Ilic_(footballer_born_1977) http://dbpedia.org/resource/Saša_Ilić_(footballer,_born_1977) http://dbpedia.org/resource/Sasa_Ilic_(born_1977) http://dbpedia.org/resource/Saša_Ilić_(footballer_born_1977) http://dbpedia.org/resource/Saša_Ilić_(midfielder)"""
"TOUGH_DBP_HOMO_players_in_clubs,""0"",""87"",""http://dbpedia.org/resource/Peter_Neilson_(footballer)"""
"TOUGH_DBP_HOMO_players_in_clubs,""0"",""88"",""http://dbpedia.org/resource/John_Caulfield_(footballer,_born_1964) http://dbpedia.org/resource/John_Caulfield_(Irish_footballer) http://dbpedia.org/resource/John_Caulfield_(footballer_born_1964)"""
"TOUGH_DBP_HOMO_players_in_clubs,""0"",""89"",""http://dbpedia.org/resource/William_Wilkinson_(footballer)"""
"TOUGH_DBP_HOMO_players_in_clubs,""0"",""90"",""http://dbpedia.org/resource/John_Best_(soccer)"""
"TOUGH_DBP_HOMO_players_in_clubs,""0"",""91"",""http://dbpedia.org/resource/James_Connor_(footballer)"""
"TOUGH_DBP_HOMO_players_in_clubs,""0"",""92"",""http://dbpedia.org/resource/Charles_Elliott_(footballer)"""
"TOUGH_DBP_HOMO_players_in_clubs,""0"",""93"",""http://dbpedia.org/resource/John_Henry_(footballer)"""
"TOUGH_DBP_HOMO_players_in_clubs,""0"",""94"",""http://dbpedia.org/resource/David_Ellis_(Scottish_footballer)"""
"TOUGH_DBP_HOMO_players_in_clubs,""0"",""95"",""http://dbpedia.org/resource/Alexander_Thom_(footballer)"""
"TOUGH_DBP_HOMO_players_in_clubs,""0"",""96"",""http://dbpedia.org/resource/Alan_Thompson_(footballer,_born_1952) http://dbpedia.org/resource/Alan_Thompson_(footballer_born_1952)"""
"TOUGH_DBP_HOMO_players_in_clubs,""0"",""97"",""http://dbpedia.org/resource/Chad_Brown_(soccer)"""
"TOUGH_DBP_HOMO_players_in_clubs,""0"",""98"",""http://dbpedia.org/resource/Trevor_Thompson_(footballer_born_1936) http://dbpedia.org/resource/Trevor_Thompson_(Northern_Irish_footballer) http://dbpedia.org/resource/Trevor_Thompson_(footballer,_born_1936) http://dbpedia.org/resource/Trevor_Thompson_(Northern_Ireland_footballer)"""
"TOUGH_DBP_HOMO_players_in_clubs,""0"",""99"",""http://dbpedia.org/resource/John_Flood_(footballer,_born_1960) http://dbpedia.org/resource/John_Flood_(footballer_born_1960)"""
"TOUGH_DBP_HOMO_players_in_clubs,""0"",""100"",""http://dbpedia.org/resource/William_Wilson_(defender)"""
"TOUGH_DBP_HOMO_players_in_clubs,""0"",""101"",""http://dbpedia.org/resource/Harold_Hall_(footballer)"""
"TOUGH_DBP_HOMO_players_in_clubs,""0"",""102"",""http://dbpedia.org/resource/Caroline_Muller_(footballer) http://dbpedia.org/resource/Caroline_Müller_(footballer)"""
"TOUGH_DBP_HOMO_players_in_clubs,""0"",""103"",""http://dbpedia.org/resource/John_Lapsley_(footballer)"""
"TOUGH_DBP_HOMO_players_in_clubs,""0"",""104"",""http://dbpedia.org/resource/Percy_Watson_(English_footballer)"""
"TOUGH_DBP_HOMO_players_in_clubs,""0"",""105"",""http://dbpedia.org/resource/Ian_Reid_(footballer)"""
"TOUGH_DBP_HOMO_players_in_clubs,""0"",""106"",""http://dbpedia.org/resource/Razaul_Karim http://dbpedia.org/resource/Rezaul_Karim_(footballer)"""
"TOUGH_DBP_HOMO_players_in_clubs,""0"",""107"",""http://dbpedia.org/resource/Paweł_Kaczmarek_(footballer)"""
"TOUGH_DBP_HOMO_players_in_clubs,""0"",""108"",""http://dbpedia.org/resource/John_Ackroyd_(footballer,_born_1868) http://dbpedia.org/resource/John_Ackroyd_(footballer_born_1868)"""
"TOUGH_DBP_HOMO_players_in_clubs,""0"",""109"",""http://dbpedia.org/resource/John_Findlay_(footballer)"""
"TOUGH_DBP_HOMO_players_in_clubs,""0"",""110"",""http://dbpedia.org/resource/Ryan_Edwards_(American_soccer)"""
"TOUGH_DBP_HOMO_players_in_clubs,""0"",""111"",""http://dbpedia.org/resource/John_Tudor_(footballer)"""
"TOUGH_DBP_HOMO_players_in_clubs,""0"",""112"",""http://dbpedia.org/resource/Jack_Connor_(footballer_born_1911) http://dbpedia.org/resource/Jack_Connor_(footballer,_born_1911) http://dbpedia.org/resource/Jack_Connor_(Scottish_footballer)"""
"TOUGH_DBP_HOMO_players_in_clubs,""0"",""113"",""http://dbpedia.org/resource/John_Webb_(footballer)"""
"TOUGH_DBP_HOMO_players_in_clubs,""0"",""114"",""http://dbpedia.org/resource/Ryan_Harper_(footballer)"""
"TOUGH_DBP_HOMO_players_in_clubs,""0"",""115"",""http://dbpedia.org/resource/Leon_Kelly_(footballer)"""
"TOUGH_DBP_HOMO_players_in_clubs,""0"",""116"",""http://dbpedia.org/resource/Robert_Dunn_(footballer)"""
"TOUGH_DBP_HOMO_players_in_clubs,""0"",""117"",""http://dbpedia.org/resource/Bryan_Haynes http://dbpedia.org/resource/Brian_Haynes_(footballer) http://dbpedia.org/resource/Brian_Haynes_(soccer)"""
"TOUGH_DBP_HOMO_players_in_clubs,""0"",""118"",""http://dbpedia.org/resource/Ian_Chandler_(footballer)"""
"TOUGH_DBP_HOMO_players_in_clubs,""0"",""119"",""http://dbpedia.org/resource/Neil_MacFarlane_(footballer)"""
"TOUGH_DBP_HOMO_players_in_clubs,""0"",""120"",""http://dbpedia.org/resource/John_Middleton_(footballer,_born_1910)"""
"TOUGH_DBP_HOMO_players_in_clubs,""0"",""121"",""http://dbpedia.org/resource/William_Glen_(footballer)"""
"TOUGH_DBP_HOMO_players_in_clubs,""0"",""122"",""http://dbpedia.org/resource/Rónán_O'Connor http://dbpedia.org/resource/Ronan_O'Connor_(Ballyduff_Gaelic_footballer)"""
"TOUGH_DBP_HOMO_players_in_clubs,""0"",""123"",""http://dbpedia.org/resource/Barry_Elliot_(footballer)"""
"TOUGH_DBP_HOMO_players_in_clubs,""0"",""124"",""http://dbpedia.org/resource/Jorge_Flores_(soccer) http://dbpedia.org/resource/Jorge_Flores_(footballer_born_1977) http://dbpedia.org/resource/Jorge_Flores_(soccer,_born_1977)"""
"TOUGH_DBP_HOMO_players_in_clubs,""0"",""125"",""http://dbpedia.org/resource/Tommy_Walker_(footballer,_born_March_1952)"""
"TOUGH_DBP_HOMO_players_in_clubs,""0"",""126"",""http://dbpedia.org/resource/Jim_McIntyre_(footballer)"""
"TOUGH_DBP_HOMO_players_in_clubs,""0"",""127"",""http://dbpedia.org/resource/George_Whitworth_(footballer_born_1896) http://dbpedia.org/resource/George_Whitworth_(footballer,_born_1896) http://dbpedia.org/resource/George_Whitworth_(footballer)"""
"TOUGH_DBP_HOMO_players_in_clubs,""0"",""128"",""http://dbpedia.org/resource/Hugh_Gallacher_(footballer,_born_1930)"""
"TOUGH_DBP_HOMO_players_in_clubs,""0"",""129"",""http://dbpedia.org/resource/Alan_Davidson_(Scottish_footballer)"""
"TOUGH_DBP_HOMO_players_in_clubs,""0"",""130"",""http://dbpedia.org/resource/George_Brown_(soccer)"""
"TOUGH_DBP_HOMO_players_in_clubs,""0"",""131"",""http://dbpedia.org/resource/James_Hamilton_(Scottish_footballer)"""
"TOUGH_DBP_HOMO_players_in_clubs,""0"",""132"",""http://dbpedia.org/resource/Peter_Bennett_(English_footballer)"""
"TOUGH_DBP_HOMO_players_in_clubs,""0"",""133"",""http://dbpedia.org/resource/Walter_Bruce_(Northern_Irish_footballer)"""
"TOUGH_DBP_HOMO_players_in_clubs,""0"",""134"",""http://dbpedia.org/resource/Russell_Payne_(soccer) http://dbpedia.org/resource/Russell_Payne_(American_Football)"""
"TOUGH_DBP_HOMO_players_in_clubs,""0"",""135"",""http://dbpedia.org/resource/Tony_Powell_(footballer)"""
"TOUGH_DBP_HOMO_players_in_clubs,""0"",""136"",""http://dbpedia.org/resource/George_Scott_(footballer,_born_1904) http://dbpedia.org/resource/George_Scott_(footballer_born_1904)"""
"TOUGH_DBP_HOMO_players_in_clubs,""0"",""137"",""http://dbpedia.org/resource/Stephen_Grant_(footballer)"""
"TOUGH_DBP_HOMO_players_in_clubs,""1"",""1"",""http://dbpedia.org/resource/Airdrieonians_FC_(1878) http://dbpedia.org/resource/Airdrieonians_FC_1878 http://dbpedia.org/resource/Airdrieonians_Football_Club_1878 http://dbpedia.org/resource/Airdrieonians_Football_Club_(1878) http://dbpedia.org/resource/Airdrieonians_F.C._(1878) http://dbpedia.org/resource/Excelsior_F.C._(1878) http://dbpedia.org/resource/Airdrieonians_F.C._(1881) http://dbpedia.org/resource/Airdrieonians_(1878) http://dbpedia.org/resource/Airdrieonians_1878"""
"TOUGH_DBP_HOMO_players_in_clubs,""1"",""2"",""http://dbpedia.org/resource/Ireland_national_football_team_(1882—1950) http://dbpedia.org/resource/Ireland_national_football_team_(1882_to_1950) http://dbpedia.org/resource/Ireland_national_football_team_(IFA) http://dbpedia.org/resource/IFA_Ireland_national_football_team http://dbpedia.org/resource/Ireland_national_football_team_(1882-1950) http://dbpedia.org/resource/Irish_national_football_team_(1882–1950) http://dbpedia.org/resource/Ireland_national_football_team_(1882-1920) http://dbpedia.org/resource/Irish_national_football_team_(1882-1950) http://dbpedia.org/resource/Ireland_national_football_team_(1882–1950)"""
"TOUGH_DBP_HOMO_players_in_clubs,""1"",""3"",""http://dbpedia.org/resource/Airdrieonians_FC_(1878) http://dbpedia.org/resource/Airdrieonians_FC_1878 http://dbpedia.org/resource/Airdrieonians_Football_Club_1878 http://dbpedia.org/resource/Airdrieonians_Football_Club_(1878) http://dbpedia.org/resource/Airdrieonians_F.C._(1878) http://dbpedia.org/resource/Excelsior_F.C._(1878) http://dbpedia.org/resource/Airdrieonians_F.C._(1881) http://dbpedia.org/resource/Airdrieonians_(1878) http://dbpedia.org/resource/Airdrieonians_1878"""
"TOUGH_DBP_HOMO_players_in_clubs,""1"",""4"",""http://dbpedia.org/resource/1977_Seattle_Sounders_season http://dbpedia.org/resource/Seattle_Sounders_(1974-83) http://dbpedia.org/resource/Seattle_Sounders_(NASL) http://dbpedia.org/resource/Seattle_Sounders_(1974-1983) http://dbpedia.org/resource/Seattle_Sounders_(1974–1983) http://dbpedia.org/resource/Seattle_Sounders_(1974–83)"""
"TOUGH_DBP_HOMO_players_in_clubs,""1"",""5"",""http://dbpedia.org/resource/Rotherham_Town_F.C._(1899) http://dbpedia.org/resource/Rotherham_Athletic http://dbpedia.org/resource/Rotherham_Athletic_F.C."""
"TOUGH_DBP_HOMO_players_in_clubs,""1"",""6"",""http://dbpedia.org/resource/Portland_Timbers_(2001-2010) http://dbpedia.org/resource/Portland_Timbers_(2001–2010) http://dbpedia.org/resource/Timber_Joey http://dbpedia.org/resource/Portland_Timbers_(2001–10) http://dbpedia.org/resource/Portland_Timbers_(USL) http://dbpedia.org/resource/Portland_Timbers_(2001-10)"""
"TOUGH_DBP_HOMO_players_in_clubs,""1"",""7"",""http://dbpedia.org/resource/Airdrieonians_FC_(1878) http://dbpedia.org/resource/Airdrieonians_FC_1878 http://dbpedia.org/resource/Airdrieonians_Football_Club_1878 http://dbpedia.org/resource/Airdrieonians_Football_Club_(1878) http://dbpedia.org/resource/Airdrieonians_F.C._(1878) http://dbpedia.org/resource/Excelsior_F.C._(1878) http://dbpedia.org/resource/Airdrieonians_F.C._(1881) http://dbpedia.org/resource/Airdrieonians_(1878) http://dbpedia.org/resource/Airdrieonians_1878"""
"TOUGH_DBP_HOMO_players_in_clubs,""1"",""8"",""http://dbpedia.org/resource/Ireland_national_football_team_(1882—1950) http://dbpedia.org/resource/Ireland_national_football_team_(1882_to_1950) http://dbpedia.org/resource/Ireland_national_football_team_(IFA) http://dbpedia.org/resource/IFA_Ireland_national_football_team http://dbpedia.org/resource/Ireland_national_football_team_(1882-1950) http://dbpedia.org/resource/Irish_national_football_team_(1882–1950) http://dbpedia.org/resource/Ireland_national_football_team_(1882-1920) http://dbpedia.org/resource/Irish_national_football_team_(1882-1950) http://dbpedia.org/resource/Ireland_national_football_team_(1882–1950)"""
"TOUGH_DBP_HOMO_players_in_clubs,""1"",""9"",""http://dbpedia.org/resource/Airdrieonians_FC_(1878) http://dbpedia.org/resource/Airdrieonians_FC_1878 http://dbpedia.org/resource/Airdrieonians_Football_Club_1878 http://dbpedia.org/resource/Airdrieonians_Football_Club_(1878) http://dbpedia.org/resource/Airdrieonians_F.C._(1878) http://dbpedia.org/resource/Excelsior_F.C._(1878) http://dbpedia.org/resource/Airdrieonians_F.C._(1881) http://dbpedia.org/resource/Airdrieonians_(1878) http://dbpedia.org/resource/Airdrieonians_1878"""
"TOUGH_DBP_HOMO_players_in_clubs,""1"",""10"",""http://dbpedia.org/resource/South_Shields_F.C._(1936)"""
"TOUGH_DBP_HOMO_players_in_clubs,""1"",""11"",""http://dbpedia.org/resource/St._Louis_Steamers_(1998-2006) http://dbpedia.org/resource/St._Louis_Steamers_(1998_-_2006) http://dbpedia.org/resource/St._Louis_Steamers_(1998–2006) http://dbpedia.org/resource/St._Louis_Steamers_(1998_–_2006)"""
"TOUGH_DBP_HOMO_players_in_clubs,""1"",""12"",""http://dbpedia.org/resource/1977_Seattle_Sounders_season http://dbpedia.org/resource/Seattle_Sounders_(1974-83) http://dbpedia.org/resource/Seattle_Sounders_(NASL) http://dbpedia.org/resource/Seattle_Sounders_(1974-1983) http://dbpedia.org/resource/Seattle_Sounders_(1974–1983) http://dbpedia.org/resource/Seattle_Sounders_(1974–83)"""
"TOUGH_DBP_HOMO_players_in_clubs,""1"",""13"",""http://dbpedia.org/resource/Ilkeston_Town_F.C._(1945)"""
"TOUGH_DBP_HOMO_players_in_clubs,""1"",""14"",""http://dbpedia.org/resource/South_Shields_F.C._(1936)"""
"TOUGH_DBP_HOMO_players_in_clubs,""1"",""15"",""http://dbpedia.org/resource/Worcester_Wildfire http://dbpedia.org/resource/Boston_Bulldogs_(soccer)"""
"TOUGH_DBP_HOMO_players_in_clubs,""1"",""16"",""http://dbpedia.org/resource/Airdrieonians_FC_(1878) http://dbpedia.org/resource/Airdrieonians_FC_1878 http://dbpedia.org/resource/Airdrieonians_Football_Club_1878 http://dbpedia.org/resource/Airdrieonians_Football_Club_(1878) http://dbpedia.org/resource/Airdrieonians_F.C._(1878) http://dbpedia.org/resource/Excelsior_F.C._(1878) http://dbpedia.org/resource/Airdrieonians_F.C._(1881) http://dbpedia.org/resource/Airdrieonians_(1878) http://dbpedia.org/resource/Airdrieonians_1878"""
"TOUGH_DBP_HOMO_players_in_clubs,""1"",""17"",""http://dbpedia.org/resource/Portland_Timbers_(1975–82) http://dbpedia.org/resource/Portland_Timbers_(1975-82) http://dbpedia.org/resource/Portland_Timbers_(1975-1982) http://dbpedia.org/resource/Portland_Timbers_(NASL) http://dbpedia.org/resource/Portland_Timbers_(1975–1982)"""
"TOUGH_DBP_HOMO_players_in_clubs,""1"",""18"",""http://dbpedia.org/resource/St._John's_GAA_(County_Sligo)"""
"TOUGH_DBP_HOMO_players_in_clubs,""1"",""19"",""http://dbpedia.org/resource/Thornycrofts_(Woolston)_F.C."""
"TOUGH_DBP_HOMO_players_in_clubs,""1"",""20"",""http://dbpedia.org/resource/Airdrieonians_FC_(1878) http://dbpedia.org/resource/Airdrieonians_FC_1878 http://dbpedia.org/resource/Airdrieonians_Football_Club_1878 http://dbpedia.org/resource/Airdrieonians_Football_Club_(1878) http://dbpedia.org/resource/Airdrieonians_F.C._(1878) http://dbpedia.org/resource/Excelsior_F.C._(1878) http://dbpedia.org/resource/Airdrieonians_F.C._(1881) http://dbpedia.org/resource/Airdrieonians_(1878) http://dbpedia.org/resource/Airdrieonians_1878"""
"TOUGH_DBP_HOMO_players_in_clubs,""1"",""21"",""http://dbpedia.org/resource/Airdrieonians_FC_(1878) http://dbpedia.org/resource/Airdrieonians_FC_1878 http://dbpedia.org/resource/Airdrieonians_Football_Club_1878 http://dbpedia.org/resource/Airdrieonians_Football_Club_(1878) http://dbpedia.org/resource/Airdrieonians_F.C._(1878) http://dbpedia.org/resource/Excelsior_F.C._(1878) http://dbpedia.org/resource/Airdrieonians_F.C._(1881) http://dbpedia.org/resource/Airdrieonians_(1878) http://dbpedia.org/resource/Airdrieonians_1878"""
"TOUGH_DBP_HOMO_players_in_clubs,""1"",""22"",""http://dbpedia.org/resource/Airdrieonians_FC_(1878) http://dbpedia.org/resource/Airdrieonians_FC_1878 http://dbpedia.org/resource/Airdrieonians_Football_Club_1878 http://dbpedia.org/resource/Airdrieonians_Football_Club_(1878) http://dbpedia.org/resource/Airdrieonians_F.C._(1878) http://dbpedia.org/resource/Excelsior_F.C._(1878) http://dbpedia.org/resource/Airdrieonians_F.C._(1881) http://dbpedia.org/resource/Airdrieonians_(1878) http://dbpedia.org/resource/Airdrieonians_1878"""
"TOUGH_DBP_HOMO_players_in_clubs,""1"",""23"",""http://dbpedia.org/resource/Toulouse_FC_(1937)"""
"TOUGH_DBP_HOMO_players_in_clubs,""1"",""24"",""http://dbpedia.org/resource/Ireland_national_football_team_(1882—1950) http://dbpedia.org/resource/Ireland_national_football_team_(1882_to_1950) http://dbpedia.org/resource/Ireland_national_football_team_(IFA) http://dbpedia.org/resource/IFA_Ireland_national_football_team http://dbpedia.org/resource/Ireland_national_football_team_(1882-1950) http://dbpedia.org/resource/Irish_national_football_team_(1882–1950) http://dbpedia.org/resource/Ireland_national_football_team_(1882-1920) http://dbpedia.org/resource/Irish_national_football_team_(1882-1950) http://dbpedia.org/resource/Ireland_national_football_team_(1882–1950)"""
"TOUGH_DBP_HOMO_players_in_clubs,""1"",""25"",""http://dbpedia.org/resource/Airdrieonians_FC_(1878) http://dbpedia.org/resource/Airdrieonians_FC_1878 http://dbpedia.org/resource/Airdrieonians_Football_Club_1878 http://dbpedia.org/resource/Airdrieonians_Football_Club_(1878) http://dbpedia.org/resource/Airdrieonians_F.C._(1878) http://dbpedia.org/resource/Excelsior_F.C._(1878) http://dbpedia.org/resource/Airdrieonians_F.C._(1881) http://dbpedia.org/resource/Airdrieonians_(1878) http://dbpedia.org/resource/Airdrieonians_1878"""
"TOUGH_DBP_HOMO_players_in_clubs,""1"",""26"",""http://dbpedia.org/resource/Philadelphia_Fury_(1978-80) http://dbpedia.org/resource/Philadelphia_Fury_(1978–80)"""
"TOUGH_DBP_HOMO_players_in_clubs,""1"",""27"",""http://dbpedia.org/resource/XV_de_Jau http://dbpedia.org/resource/XV_Jaú http://dbpedia.org/resource/Esporte_Clube_XV_de_Novembro_(Jau) http://dbpedia.org/resource/Esporte_Clube_XV_de_Novembro_(Jaú) http://dbpedia.org/resource/EC_XV_de_Novembro_(Jaú) http://dbpedia.org/resource/XV_de_Jaú"""
"TOUGH_DBP_HOMO_players_in_clubs,""1"",""28"",""http://dbpedia.org/resource/Vancouver_Whitecaps_FC_(USL) http://dbpedia.org/resource/Vancouver_Whitecaps_(1986-2010) http://dbpedia.org/resource/Vancouver_86ers/Whitecaps http://dbpedia.org/resource/Vancouver_Whitecaps_(USL) http://dbpedia.org/resource/Vancouver_86ers http://dbpedia.org/resource/Vancouver_Whitecaps_(1986–2010)"""
"TOUGH_DBP_HOMO_players_in_clubs,""1"",""29"",""http://dbpedia.org/resource/Ultraslan http://dbpedia.org/resource/List_of_Galatasaray_S.K._Football_Schools http://dbpedia.org/resource/Galatasaray_F.C http://dbpedia.org/resource/Galatasaray_FC http://dbpedia.org/resource/Galatasaray_S.K._Football_Schools http://dbpedia.org/resource/Galatasaray_S.K._(football_team) http://dbpedia.org/resource/Galatasaray_SK_(football) http://dbpedia.org/resource/Galatasaray_S.K._(football)"""
"TOUGH_DBP_HOMO_players_in_clubs,""1"",""30"",""http://dbpedia.org/resource/Philadelphia_Fury_(1978-80) http://dbpedia.org/resource/Philadelphia_Fury_(1978–80)"""
"TOUGH_DBP_HOMO_players_in_clubs,""1"",""31"",""http://dbpedia.org/resource/Airdrieonians_FC_(1878) http://dbpedia.org/resource/Airdrieonians_FC_1878 http://dbpedia.org/resource/Airdrieonians_Football_Club_1878 http://dbpedia.org/resource/Airdrieonians_Football_Club_(1878) http://dbpedia.org/resource/Airdrieonians_F.C._(1878) http://dbpedia.org/resource/Excelsior_F.C._(1878) http://dbpedia.org/resource/Airdrieonians_F.C._(1881) http://dbpedia.org/resource/Airdrieonians_(1878) http://dbpedia.org/resource/Airdrieonians_1878"""
"TOUGH_DBP_HOMO_players_in_clubs,""1"",""32"",""http://dbpedia.org/resource/Portland_Timbers_(1975–82) http://dbpedia.org/resource/Portland_Timbers_(1975-82) http://dbpedia.org/resource/Portland_Timbers_(1975-1982) http://dbpedia.org/resource/Portland_Timbers_(NASL) http://dbpedia.org/resource/Portland_Timbers_(1975–1982)"""
"TOUGH_DBP_HOMO_players_in_clubs,""1"",""33"",""http://dbpedia.org/resource/Cape_Town_City_F.C._(2016)"""
"TOUGH_DBP_HOMO_players_in_clubs,""1"",""34"",""http://dbpedia.org/resource/Airdrieonians_FC_(1878) http://dbpedia.org/resource/Airdrieonians_FC_1878 http://dbpedia.org/resource/Airdrieonians_Football_Club_1878 http://dbpedia.org/resource/Airdrieonians_Football_Club_(1878) http://dbpedia.org/resource/Airdrieonians_F.C._(1878) http://dbpedia.org/resource/Excelsior_F.C._(1878) http://dbpedia.org/resource/Airdrieonians_F.C._(1881) http://dbpedia.org/resource/Airdrieonians_(1878) http://dbpedia.org/resource/Airdrieonians_1878"""
"TOUGH_DBP_HOMO_players_in_clubs,""1"",""35"",""http://dbpedia.org/resource/Ireland_national_football_team_(1882—1950) http://dbpedia.org/resource/Ireland_national_football_team_(1882_to_1950) http://dbpedia.org/resource/Ireland_national_football_team_(IFA) http://dbpedia.org/resource/IFA_Ireland_national_football_team http://dbpedia.org/resource/Ireland_national_football_team_(1882-1950) http://dbpedia.org/resource/Irish_national_football_team_(1882–1950) http://dbpedia.org/resource/Ireland_national_football_team_(1882-1920) http://dbpedia.org/resource/Irish_national_football_team_(1882-1950) http://dbpedia.org/resource/Ireland_national_football_team_(1882–1950)"""
"TOUGH_DBP_HOMO_players_in_clubs,""1"",""36"",""http://dbpedia.org/resource/Hastings_United_FC_(1948-85) http://dbpedia.org/resource/Hastings_United_F.C._(1948-85) http://dbpedia.org/resource/Hastings_United_F_C_(1948-85) http://dbpedia.org/resource/Hastings_United_F.C._(1948) http://dbpedia.org/resource/Hastings_United_F._C._(1948-85) http://dbpedia.org/resource/Hastings_United_F.C._(1948–85)"""
"TOUGH_DBP_HOMO_players_in_clubs,""1"",""37"",""http://dbpedia.org/resource/1977_Seattle_Sounders_season http://dbpedia.org/resource/Seattle_Sounders_(1974-83) http://dbpedia.org/resource/Seattle_Sounders_(NASL) http://dbpedia.org/resource/Seattle_Sounders_(1974-1983) http://dbpedia.org/resource/Seattle_Sounders_(1974–1983) http://dbpedia.org/resource/Seattle_Sounders_(1974–83)"""
"TOUGH_DBP_HOMO_players_in_clubs,""1"",""38"",""http://dbpedia.org/resource/Hastings_United_FC_(1948-85) http://dbpedia.org/resource/Hastings_United_F.C._(1948-85) http://dbpedia.org/resource/Hastings_United_F_C_(1948-85) http://dbpedia.org/resource/Hastings_United_F.C._(1948) http://dbpedia.org/resource/Hastings_United_F._C._(1948-85) http://dbpedia.org/resource/Hastings_United_F.C._(1948–85)"""
"TOUGH_DBP_HOMO_players_in_clubs,""1"",""39"",""http://dbpedia.org/resource/St._Louis_Stars_(NASL) http://dbpedia.org/resource/St._Louis_Stars_(soccer)"""
"TOUGH_DBP_HOMO_players_in_clubs,""1"",""40"",""http://dbpedia.org/resource/Detroit_Cougars_(NASL) http://dbpedia.org/resource/Detroit_Cougars_(soccer)"""
"TOUGH_DBP_HOMO_players_in_clubs,""1"",""41"",""http://dbpedia.org/resource/Ilkeston_Town_F.C._(1945)"""
"TOUGH_DBP_HOMO_players_in_clubs,""1"",""42"",""http://dbpedia.org/resource/South_Shields_Athletic http://dbpedia.org/resource/South_Shields_Mariners_F.C. http://dbpedia.org/resource/South_Shields_Adelaide http://dbpedia.org/resource/South_Shields_F._C. http://dbpedia.org/resource/South_Shields_FC http://dbpedia.org/resource/South_Shields_F.C._(1889) http://dbpedia.org/resource/South_Shields_F_C"""
"TOUGH_DBP_HOMO_players_in_clubs,""1"",""43"",""http://dbpedia.org/resource/Edmonton_Drillers_(NASL) http://dbpedia.org/resource/Edmonton_Drillers_(1979-1982) http://dbpedia.org/resource/Edmonton_Drillers_(1979-82) http://dbpedia.org/resource/Edmonton_Drillers_(1979–82) http://dbpedia.org/resource/Edmonton_Drillers_(1979–1982)"""
"TOUGH_DBP_HOMO_players_in_clubs,""1"",""44"",""http://dbpedia.org/resource/Airdrieonians_FC_(1878) http://dbpedia.org/resource/Airdrieonians_FC_1878 http://dbpedia.org/resource/Airdrieonians_Football_Club_1878 http://dbpedia.org/resource/Airdrieonians_Football_Club_(1878) http://dbpedia.org/resource/Airdrieonians_F.C._(1878) http://dbpedia.org/resource/Excelsior_F.C._(1878) http://dbpedia.org/resource/Airdrieonians_F.C._(1881) http://dbpedia.org/resource/Airdrieonians_(1878) http://dbpedia.org/resource/Airdrieonians_1878"""
"TOUGH_DBP_HOMO_players_in_clubs,""1"",""45"",""http://dbpedia.org/resource/Toulouse_FC_(1937)"""
"TOUGH_DBP_HOMO_players_in_clubs,""1"",""46"",""http://dbpedia.org/resource/Vancouver_Whitecaps_FC_(USL) http://dbpedia.org/resource/Vancouver_Whitecaps_(1986-2010) http://dbpedia.org/resource/Vancouver_86ers/Whitecaps http://dbpedia.org/resource/Vancouver_Whitecaps_(USL) http://dbpedia.org/resource/Vancouver_86ers http://dbpedia.org/resource/Vancouver_Whitecaps_(1986–2010)"""
"TOUGH_DBP_HOMO_players_in_clubs,""1"",""47"",""http://dbpedia.org/resource/Airdrieonians_FC_(1878) http://dbpedia.org/resource/Airdrieonians_FC_1878 http://dbpedia.org/resource/Airdrieonians_Football_Club_1878 http://dbpedia.org/resource/Airdrieonians_Football_Club_(1878) http://dbpedia.org/resource/Airdrieonians_F.C._(1878) http://dbpedia.org/resource/Excelsior_F.C._(1878) http://dbpedia.org/resource/Airdrieonians_F.C._(1881) http://dbpedia.org/resource/Airdrieonians_(1878) http://dbpedia.org/resource/Airdrieonians_1878"""
"TOUGH_DBP_HOMO_players_in_clubs,""1"",""48"",""http://dbpedia.org/resource/New_York_Americans_(1930-33) http://dbpedia.org/resource/New_York_Americans_(soccer) http://dbpedia.org/resource/New_York_Americans_(1930–33)"""
"TOUGH_DBP_HOMO_players_in_clubs,""1"",""49"",""http://dbpedia.org/resource/Cork_United_F.C._(1940-1948) http://dbpedia.org/resource/Cork_United_F.C._(1940–1948) http://dbpedia.org/resource/Cork_United_F.C._(1940)"""
"TOUGH_DBP_HOMO_players_in_clubs,""1"",""50"",""http://dbpedia.org/resource/Airdrieonians_FC_(1878) http://dbpedia.org/resource/Airdrieonians_FC_1878 http://dbpedia.org/resource/Airdrieonians_Football_Club_1878 http://dbpedia.org/resource/Airdrieonians_Football_Club_(1878) http://dbpedia.org/resource/Airdrieonians_F.C._(1878) http://dbpedia.org/resource/Excelsior_F.C._(1878) http://dbpedia.org/resource/Airdrieonians_F.C._(1881) http://dbpedia.org/resource/Airdrieonians_(1878) http://dbpedia.org/resource/Airdrieonians_1878"""
"TOUGH_DBP_HOMO_players_in_clubs,""1"",""51"",""http://dbpedia.org/resource/Airdrieonians_FC_(1878) http://dbpedia.org/resource/Airdrieonians_FC_1878 http://dbpedia.org/resource/Airdrieonians_Football_Club_1878 http://dbpedia.org/resource/Airdrieonians_Football_Club_(1878) http://dbpedia.org/resource/Airdrieonians_F.C._(1878) http://dbpedia.org/resource/Excelsior_F.C._(1878) http://dbpedia.org/resource/Airdrieonians_F.C._(1881) http://dbpedia.org/resource/Airdrieonians_(1878) http://dbpedia.org/resource/Airdrieonians_1878"""
"TOUGH_DBP_HOMO_players_in_clubs,""1"",""52"",""http://dbpedia.org/resource/New_Jersey_Americans_–_(Soccer_Club) http://dbpedia.org/resource/New_Jersey_Americans_-_(Soccer_Club) http://dbpedia.org/resource/New_Jersey_Americans_(soccer)"""
"TOUGH_DBP_HOMO_players_in_clubs,""1"",""53"",""http://dbpedia.org/resource/Ilkeston_Town_F.C._(1945)"""
"TOUGH_DBP_HOMO_players_in_clubs,""1"",""54"",""http://dbpedia.org/resource/Airdrieonians_FC_(1878) http://dbpedia.org/resource/Airdrieonians_FC_1878 http://dbpedia.org/resource/Airdrieonians_Football_Club_1878 http://dbpedia.org/resource/Airdrieonians_Football_Club_(1878) http://dbpedia.org/resource/Airdrieonians_F.C._(1878) http://dbpedia.org/resource/Excelsior_F.C._(1878) http://dbpedia.org/resource/Airdrieonians_F.C._(1881) http://dbpedia.org/resource/Airdrieonians_(1878) http://dbpedia.org/resource/Airdrieonians_1878"""
"TOUGH_DBP_HOMO_players_in_clubs,""1"",""55"",""http://dbpedia.org/resource/Airdrieonians_FC_(1878) http://dbpedia.org/resource/Airdrieonians_FC_1878 http://dbpedia.org/resource/Airdrieonians_Football_Club_1878 http://dbpedia.org/resource/Airdrieonians_Football_Club_(1878) http://dbpedia.org/resource/Airdrieonians_F.C._(1878) http://dbpedia.org/resource/Excelsior_F.C._(1878) http://dbpedia.org/resource/Airdrieonians_F.C._(1881) http://dbpedia.org/resource/Airdrieonians_(1878) http://dbpedia.org/resource/Airdrieonians_1878"""
"TOUGH_DBP_HOMO_players_in_clubs,""1"",""56"",""http://dbpedia.org/resource/San_Francisco_Fog_(MISL)"""
"TOUGH_DBP_HOMO_players_in_clubs,""1"",""57"",""http://dbpedia.org/resource/Houston_Express_(soccer)"""
"TOUGH_DBP_HOMO_players_in_clubs,""1"",""58"",""http://dbpedia.org/resource/Airdrieonians_FC_(1878) http://dbpedia.org/resource/Airdrieonians_FC_1878 http://dbpedia.org/resource/Airdrieonians_Football_Club_1878 http://dbpedia.org/resource/Airdrieonians_Football_Club_(1878) http://dbpedia.org/resource/Airdrieonians_F.C._(1878) http://dbpedia.org/resource/Excelsior_F.C._(1878) http://dbpedia.org/resource/Airdrieonians_F.C._(1881) http://dbpedia.org/resource/Airdrieonians_(1878) http://dbpedia.org/resource/Airdrieonians_1878"""
"TOUGH_DBP_HOMO_players_in_clubs,""1"",""59"",""http://dbpedia.org/resource/Ireland_national_football_team_(1882—1950) http://dbpedia.org/resource/Ireland_national_football_team_(1882_to_1950) http://dbpedia.org/resource/Ireland_national_football_team_(IFA) http://dbpedia.org/resource/IFA_Ireland_national_football_team http://dbpedia.org/resource/Ireland_national_football_team_(1882-1950) http://dbpedia.org/resource/Irish_national_football_team_(1882–1950) http://dbpedia.org/resource/Ireland_national_football_team_(1882-1920) http://dbpedia.org/resource/Irish_national_football_team_(1882-1950) http://dbpedia.org/resource/Ireland_national_football_team_(1882–1950)"""
"TOUGH_DBP_HOMO_players_in_clubs,""1"",""60"",""http://dbpedia.org/resource/Airdrieonians_FC_(1878) http://dbpedia.org/resource/Airdrieonians_FC_1878 http://dbpedia.org/resource/Airdrieonians_Football_Club_1878 http://dbpedia.org/resource/Airdrieonians_Football_Club_(1878) http://dbpedia.org/resource/Airdrieonians_F.C._(1878) http://dbpedia.org/resource/Excelsior_F.C._(1878) http://dbpedia.org/resource/Airdrieonians_F.C._(1881) http://dbpedia.org/resource/Airdrieonians_(1878) http://dbpedia.org/resource/Airdrieonians_1878"""
"TOUGH_DBP_HOMO_players_in_clubs,""1"",""61"",""http://dbpedia.org/resource/1977_Seattle_Sounders_season http://dbpedia.org/resource/Seattle_Sounders_(1974-83) http://dbpedia.org/resource/Seattle_Sounders_(NASL) http://dbpedia.org/resource/Seattle_Sounders_(1974-1983) http://dbpedia.org/resource/Seattle_Sounders_(1974–1983) http://dbpedia.org/resource/Seattle_Sounders_(1974–83)"""
"TOUGH_DBP_HOMO_players_in_clubs,""1"",""62"",""http://dbpedia.org/resource/Airdrieonians_FC_(1878) http://dbpedia.org/resource/Airdrieonians_FC_1878 http://dbpedia.org/resource/Airdrieonians_Football_Club_1878 http://dbpedia.org/resource/Airdrieonians_Football_Club_(1878) http://dbpedia.org/resource/Airdrieonians_F.C._(1878) http://dbpedia.org/resource/Excelsior_F.C._(1878) http://dbpedia.org/resource/Airdrieonians_F.C._(1881) http://dbpedia.org/resource/Airdrieonians_(1878) http://dbpedia.org/resource/Airdrieonians_1878"""
"TOUGH_DBP_HOMO_players_in_clubs,""1"",""63"",""http://dbpedia.org/resource/Airdrieonians_FC_(1878) http://dbpedia.org/resource/Airdrieonians_FC_1878 http://dbpedia.org/resource/Airdrieonians_Football_Club_1878 http://dbpedia.org/resource/Airdrieonians_Football_Club_(1878) http://dbpedia.org/resource/Airdrieonians_F.C._(1878) http://dbpedia.org/resource/Excelsior_F.C._(1878) http://dbpedia.org/resource/Airdrieonians_F.C._(1881) http://dbpedia.org/resource/Airdrieonians_(1878) http://dbpedia.org/resource/Airdrieonians_1878"""
"TOUGH_DBP_HOMO_players_in_clubs,""1"",""64"",""http://dbpedia.org/resource/Dundee_Strathmore_F.C. http://dbpedia.org/resource/Strathmore_F.C._(Dundee)"""
"TOUGH_DBP_HOMO_players_in_clubs,""1"",""65"",""http://dbpedia.org/resource/Ilkeston_Town_F.C._(1945)"""
"TOUGH_DBP_HOMO_players_in_clubs,""1"",""66"",""http://dbpedia.org/resource/Associação_Atlética_Portuguesa_Santista http://dbpedia.org/resource/Associação_Atlética_Portuguesa_(Santos) http://dbpedia.org/resource/Associacao_Atletica_Portuguesa_Santista http://dbpedia.org/resource/A.A._Portuguesa_Santista http://dbpedia.org/resource/Portuguesa_Santista http://dbpedia.org/resource/Associacao_Atletica_Portuguesa_(Santos)"""
"TOUGH_DBP_HOMO_players_in_clubs,""1"",""67"",""http://dbpedia.org/resource/Airdrieonians_FC_(1878) http://dbpedia.org/resource/Airdrieonians_FC_1878 http://dbpedia.org/resource/Airdrieonians_Football_Club_1878 http://dbpedia.org/resource/Airdrieonians_Football_Club_(1878) http://dbpedia.org/resource/Airdrieonians_F.C._(1878) http://dbpedia.org/resource/Excelsior_F.C._(1878) http://dbpedia.org/resource/Airdrieonians_F.C._(1881) http://dbpedia.org/resource/Airdrieonians_(1878) http://dbpedia.org/resource/Airdrieonians_1878"""
"TOUGH_DBP_HOMO_players_in_clubs,""1"",""68"",""http://dbpedia.org/resource/1977_Seattle_Sounders_season http://dbpedia.org/resource/Seattle_Sounders_(1974-83) http://dbpedia.org/resource/Seattle_Sounders_(NASL) http://dbpedia.org/resource/Seattle_Sounders_(1974-1983) http://dbpedia.org/resource/Seattle_Sounders_(1974–1983) http://dbpedia.org/resource/Seattle_Sounders_(1974–83)"""
"TOUGH_DBP_HOMO_players_in_clubs,""1"",""69"",""http://dbpedia.org/resource/Montreal_Impact_(1992-2011) http://dbpedia.org/resource/Montreal_Impact_(1992–2011)"""
"TOUGH_DBP_HOMO_players_in_clubs,""1"",""70"",""http://dbpedia.org/resource/Portland_Timbers_(1975–82) http://dbpedia.org/resource/Portland_Timbers_(1975-82) http://dbpedia.org/resource/Portland_Timbers_(1975-1982) http://dbpedia.org/resource/Portland_Timbers_(NASL) http://dbpedia.org/resource/Portland_Timbers_(1975–1982)"""
"TOUGH_DBP_HOMO_players_in_clubs,""1"",""71"",""http://dbpedia.org/resource/Ilkeston_Town_F.C._(1945)"""
"TOUGH_DBP_HOMO_players_in_clubs,""1"",""72"",""http://dbpedia.org/resource/Detroit_Cougars_(NASL) http://dbpedia.org/resource/Detroit_Cougars_(soccer)"""
"TOUGH_DBP_HOMO_players_in_clubs,""1"",""73"",""http://dbpedia.org/resource/1977_Seattle_Sounders_season http://dbpedia.org/resource/Seattle_Sounders_(1974-83) http://dbpedia.org/resource/Seattle_Sounders_(NASL) http://dbpedia.org/resource/Seattle_Sounders_(1974-1983) http://dbpedia.org/resource/Seattle_Sounders_(1974–1983) http://dbpedia.org/resource/Seattle_Sounders_(1974–83)"""
"TOUGH_DBP_HOMO_players_in_clubs,""1"",""74"",""http://dbpedia.org/resource/South_Shields_Athletic http://dbpedia.org/resource/South_Shields_Mariners_F.C. http://dbpedia.org/resource/South_Shields_Adelaide http://dbpedia.org/resource/South_Shields_F._C. http://dbpedia.org/resource/South_Shields_FC http://dbpedia.org/resource/South_Shields_F.C._(1889) http://dbpedia.org/resource/South_Shields_F_C"""
"TOUGH_DBP_HOMO_players_in_clubs,""1"",""75"",""http://dbpedia.org/resource/Airdrieonians_FC_(1878) http://dbpedia.org/resource/Airdrieonians_FC_1878 http://dbpedia.org/resource/Airdrieonians_Football_Club_1878 http://dbpedia.org/resource/Airdrieonians_Football_Club_(1878) http://dbpedia.org/resource/Airdrieonians_F.C._(1878) http://dbpedia.org/resource/Excelsior_F.C._(1878) http://dbpedia.org/resource/Airdrieonians_F.C._(1881) http://dbpedia.org/resource/Airdrieonians_(1878) http://dbpedia.org/resource/Airdrieonians_1878"""
"TOUGH_DBP_HOMO_players_in_clubs,""1"",""76"",""http://dbpedia.org/resource/South_Shields_Athletic http://dbpedia.org/resource/South_Shields_Mariners_F.C. http://dbpedia.org/resource/South_Shields_Adelaide http://dbpedia.org/resource/South_Shields_F._C. http://dbpedia.org/resource/South_Shields_FC http://dbpedia.org/resource/South_Shields_F.C._(1889) http://dbpedia.org/resource/South_Shields_F_C"""
"TOUGH_DBP_HOMO_players_in_clubs,""1"",""77"",""http://dbpedia.org/resource/Portland_Timbers_(1975–82) http://dbpedia.org/resource/Portland_Timbers_(1975-82) http://dbpedia.org/resource/Portland_Timbers_(1975-1982) http://dbpedia.org/resource/Portland_Timbers_(NASL) http://dbpedia.org/resource/Portland_Timbers_(1975–1982)"""
"TOUGH_DBP_HOMO_players_in_clubs,""1"",""78"",""http://dbpedia.org/resource/Dallas_Sidekicks_(1984-2004) http://dbpedia.org/resource/Dallas_Sidekicks_(1984–2004)"""
"TOUGH_DBP_HOMO_players_in_clubs,""1"",""79"",""http://dbpedia.org/resource/Orlando_Pro_Soccer http://dbpedia.org/resource/Orlando_City_Soccer_Club_(2010-2014) http://dbpedia.org/resource/Orlando_City_Soccer_Club_(2010–14) http://dbpedia.org/resource/Orlando_City_Soccer_Club_(2010-14) http://dbpedia.org/resource/Orlando_Titans_F.C. http://dbpedia.org/resource/Orlando_City_Soccer http://dbpedia.org/resource/Orlando_City_Soccer_Club_(2011–14) http://dbpedia.org/resource/Orlando_City_SC_(2010–14) http://dbpedia.org/resource/Orlando_City_Soccer_Club_(2011-14) http://dbpedia.org/resource/Orlando_City_SC_(2010-14)"""
"TOUGH_DBP_HOMO_players_in_clubs,""1"",""80"",""http://dbpedia.org/resource/Rovers_FC_(Guam)"""
"TOUGH_DBP_HOMO_players_in_clubs,""1"",""81"",""http://dbpedia.org/resource/Cape_Town_City_F.C._(NFL)"""
"TOUGH_DBP_HOMO_players_in_clubs,""1"",""82"",""http://dbpedia.org/resource/1977_Seattle_Sounders_season http://dbpedia.org/resource/Seattle_Sounders_(1974-83) http://dbpedia.org/resource/Seattle_Sounders_(NASL) http://dbpedia.org/resource/Seattle_Sounders_(1974-1983) http://dbpedia.org/resource/Seattle_Sounders_(1974–1983) http://dbpedia.org/resource/Seattle_Sounders_(1974–83)"""
"TOUGH_DBP_HOMO_players_in_clubs,""1"",""83"",""http://dbpedia.org/resource/Ultraslan http://dbpedia.org/resource/List_of_Galatasaray_S.K._Football_Schools http://dbpedia.org/resource/Galatasaray_F.C http://dbpedia.org/resource/Galatasaray_FC http://dbpedia.org/resource/Galatasaray_S.K._Football_Schools http://dbpedia.org/resource/Galatasaray_S.K._(football_team) http://dbpedia.org/resource/Galatasaray_SK_(football) http://dbpedia.org/resource/Galatasaray_S.K._(football)"""
"TOUGH_DBP_HOMO_players_in_clubs,""1"",""84"",""http://dbpedia.org/resource/Hastings_United_FC_(1948-85) http://dbpedia.org/resource/Hastings_United_F.C._(1948-85) http://dbpedia.org/resource/Hastings_United_F_C_(1948-85) http://dbpedia.org/resource/Hastings_United_F.C._(1948) http://dbpedia.org/resource/Hastings_United_F._C._(1948-85) http://dbpedia.org/resource/Hastings_United_F.C._(1948–85)"""
"TOUGH_DBP_HOMO_players_in_clubs,""1"",""85"",""http://dbpedia.org/resource/Ilkeston_Town_F.C._(1945)"""
"TOUGH_DBP_HOMO_players_in_clubs,""1"",""86"",""http://dbpedia.org/resource/Ultraslan http://dbpedia.org/resource/List_of_Galatasaray_S.K._Football_Schools http://dbpedia.org/resource/Galatasaray_F.C http://dbpedia.org/resource/Galatasaray_FC http://dbpedia.org/resource/Galatasaray_S.K._Football_Schools http://dbpedia.org/resource/Galatasaray_S.K._(football_team) http://dbpedia.org/resource/Galatasaray_SK_(football) http://dbpedia.org/resource/Galatasaray_S.K._(football)"""
"TOUGH_DBP_HOMO_players_in_clubs,""1"",""87"",""http://dbpedia.org/resource/Airdrieonians_FC_(1878) http://dbpedia.org/resource/Airdrieonians_FC_1878 http://dbpedia.org/resource/Airdrieonians_Football_Club_1878 http://dbpedia.org/resource/Airdrieonians_Football_Club_(1878) http://dbpedia.org/resource/Airdrieonians_F.C._(1878) http://dbpedia.org/resource/Excelsior_F.C._(1878) http://dbpedia.org/resource/Airdrieonians_F.C._(1881) http://dbpedia.org/resource/Airdrieonians_(1878) http://dbpedia.org/resource/Airdrieonians_1878"""
"TOUGH_DBP_HOMO_players_in_clubs,""1"",""88"",""http://dbpedia.org/resource/Avondale_United_F.C._(Cork) http://dbpedia.org/resource/Avondale_United_(Cork)"""
"TOUGH_DBP_HOMO_players_in_clubs,""1"",""89"",""http://dbpedia.org/resource/Lunar_Rovers_F.C. http://dbpedia.org/resource/Rotherham_Town_F.C._(1878) http://dbpedia.org/resource/Lunar_Rovers"""
"TOUGH_DBP_HOMO_players_in_clubs,""1"",""90"",""http://dbpedia.org/resource/1977_Seattle_Sounders_season http://dbpedia.org/resource/Seattle_Sounders_(1974-83) http://dbpedia.org/resource/Seattle_Sounders_(NASL) http://dbpedia.org/resource/Seattle_Sounders_(1974-1983) http://dbpedia.org/resource/Seattle_Sounders_(1974–1983) http://dbpedia.org/resource/Seattle_Sounders_(1974–83)"""
"TOUGH_DBP_HOMO_players_in_clubs,""1"",""91"",""http://dbpedia.org/resource/Airdrieonians_FC_(1878) http://dbpedia.org/resource/Airdrieonians_FC_1878 http://dbpedia.org/resource/Airdrieonians_Football_Club_1878 http://dbpedia.org/resource/Airdrieonians_Football_Club_(1878) http://dbpedia.org/resource/Airdrieonians_F.C._(1878) http://dbpedia.org/resource/Excelsior_F.C._(1878) http://dbpedia.org/resource/Airdrieonians_F.C._(1881) http://dbpedia.org/resource/Airdrieonians_(1878) http://dbpedia.org/resource/Airdrieonians_1878"""
"TOUGH_DBP_HOMO_players_in_clubs,""1"",""92"",""http://dbpedia.org/resource/Rotherham_Town_F.C._(1899) http://dbpedia.org/resource/Rotherham_Athletic http://dbpedia.org/resource/Rotherham_Athletic_F.C."""
"TOUGH_DBP_HOMO_players_in_clubs,""1"",""93"",""http://dbpedia.org/resource/Airdrieonians_FC_(1878) http://dbpedia.org/resource/Airdrieonians_FC_1878 http://dbpedia.org/resource/Airdrieonians_Football_Club_1878 http://dbpedia.org/resource/Airdrieonians_Football_Club_(1878) http://dbpedia.org/resource/Airdrieonians_F.C._(1878) http://dbpedia.org/resource/Excelsior_F.C._(1878) http://dbpedia.org/resource/Airdrieonians_F.C._(1881) http://dbpedia.org/resource/Airdrieonians_(1878) http://dbpedia.org/resource/Airdrieonians_1878"""
"TOUGH_DBP_HOMO_players_in_clubs,""1"",""94"",""http://dbpedia.org/resource/Airdrieonians_FC_(1878) http://dbpedia.org/resource/Airdrieonians_FC_1878 http://dbpedia.org/resource/Airdrieonians_Football_Club_1878 http://dbpedia.org/resource/Airdrieonians_Football_Club_(1878) http://dbpedia.org/resource/Airdrieonians_F.C._(1878) http://dbpedia.org/resource/Excelsior_F.C._(1878) http://dbpedia.org/resource/Airdrieonians_F.C._(1881) http://dbpedia.org/resource/Airdrieonians_(1878) http://dbpedia.org/resource/Airdrieonians_1878"""
"TOUGH_DBP_HOMO_players_in_clubs,""1"",""95"",""http://dbpedia.org/resource/Airdrieonians_FC_(1878) http://dbpedia.org/resource/Airdrieonians_FC_1878 http://dbpedia.org/resource/Airdrieonians_Football_Club_1878 http://dbpedia.org/resource/Airdrieonians_Football_Club_(1878) http://dbpedia.org/resource/Airdrieonians_F.C._(1878) http://dbpedia.org/resource/Excelsior_F.C._(1878) http://dbpedia.org/resource/Airdrieonians_F.C._(1881) http://dbpedia.org/resource/Airdrieonians_(1878) http://dbpedia.org/resource/Airdrieonians_1878"""
"TOUGH_DBP_HOMO_players_in_clubs,""1"",""96"",""http://dbpedia.org/resource/Portland_Timbers_(1975–82) http://dbpedia.org/resource/Portland_Timbers_(1975-82) http://dbpedia.org/resource/Portland_Timbers_(1975-1982) http://dbpedia.org/resource/Portland_Timbers_(NASL) http://dbpedia.org/resource/Portland_Timbers_(1975–1982)"""
"TOUGH_DBP_HOMO_players_in_clubs,""1"",""97"",""http://dbpedia.org/resource/Seattle_Sounders_(1994–2008) http://dbpedia.org/resource/Seattle_Sounders_Select http://dbpedia.org/resource/Seattle_Sounders_(USL) http://dbpedia.org/resource/Seattle_Sounders_(1994-2008)"""
"TOUGH_DBP_HOMO_players_in_clubs,""1"",""98"",""http://dbpedia.org/resource/Detroit_Cougars_(NASL) http://dbpedia.org/resource/Detroit_Cougars_(soccer)"""
"TOUGH_DBP_HOMO_players_in_clubs,""1"",""99"",""http://dbpedia.org/resource/Airdrieonians_FC_(1878) http://dbpedia.org/resource/Airdrieonians_FC_1878 http://dbpedia.org/resource/Airdrieonians_Football_Club_1878 http://dbpedia.org/resource/Airdrieonians_Football_Club_(1878) http://dbpedia.org/resource/Airdrieonians_F.C._(1878) http://dbpedia.org/resource/Excelsior_F.C._(1878) http://dbpedia.org/resource/Airdrieonians_F.C._(1881) http://dbpedia.org/resource/Airdrieonians_(1878) http://dbpedia.org/resource/Airdrieonians_1878"""
"TOUGH_DBP_HOMO_players_in_clubs,""1"",""100"",""http://dbpedia.org/resource/South_Shields_Athletic http://dbpedia.org/resource/South_Shields_Mariners_F.C. http://dbpedia.org/resource/South_Shields_Adelaide http://dbpedia.org/resource/South_Shields_F._C. http://dbpedia.org/resource/South_Shields_FC http://dbpedia.org/resource/South_Shields_F.C._(1889) http://dbpedia.org/resource/South_Shields_F_C"""
"TOUGH_DBP_HOMO_players_in_clubs,""1"",""101"",""http://dbpedia.org/resource/Rotherham_Town_F.C._(1899) http://dbpedia.org/resource/Rotherham_Athletic http://dbpedia.org/resource/Rotherham_Athletic_F.C."""
"TOUGH_DBP_HOMO_players_in_clubs,""1"",""102"",""http://dbpedia.org/resource/FFC_Schwerzenbach http://dbpedia.org/resource/FFC_United_Schwerzenbach http://dbpedia.org/resource/Grasshopper_Club_Zürich_(women) http://dbpedia.org/resource/FC_Schwerzenbach http://dbpedia.org/resource/Grasshopper_Club_Zurich_(women)"""
"TOUGH_DBP_HOMO_players_in_clubs,""1"",""103"",""http://dbpedia.org/resource/Airdrieonians_FC_(1878) http://dbpedia.org/resource/Airdrieonians_FC_1878 http://dbpedia.org/resource/Airdrieonians_Football_Club_1878 http://dbpedia.org/resource/Airdrieonians_Football_Club_(1878) http://dbpedia.org/resource/Airdrieonians_F.C._(1878) http://dbpedia.org/resource/Excelsior_F.C._(1878) http://dbpedia.org/resource/Airdrieonians_F.C._(1881) http://dbpedia.org/resource/Airdrieonians_(1878) http://dbpedia.org/resource/Airdrieonians_1878"""
"TOUGH_DBP_HOMO_players_in_clubs,""1"",""104"",""http://dbpedia.org/resource/Lunar_Rovers_F.C. http://dbpedia.org/resource/Rotherham_Town_F.C._(1878) http://dbpedia.org/resource/Lunar_Rovers"""
"TOUGH_DBP_HOMO_players_in_clubs,""1"",""105"",""http://dbpedia.org/resource/Airdrieonians_FC_(1878) http://dbpedia.org/resource/Airdrieonians_FC_1878 http://dbpedia.org/resource/Airdrieonians_Football_Club_1878 http://dbpedia.org/resource/Airdrieonians_Football_Club_(1878) http://dbpedia.org/resource/Airdrieonians_F.C._(1878) http://dbpedia.org/resource/Excelsior_F.C._(1878) http://dbpedia.org/resource/Airdrieonians_F.C._(1881) http://dbpedia.org/resource/Airdrieonians_(1878) http://dbpedia.org/resource/Airdrieonians_1878"""
"TOUGH_DBP_HOMO_players_in_clubs,""1"",""106"",""http://dbpedia.org/resource/Chittagong_Abahani http://dbpedia.org/resource/Abahani_Limited_(Chittagong)"""
"TOUGH_DBP_HOMO_players_in_clubs,""1"",""107"",""http://dbpedia.org/resource/OKS_1945_Olsztyn http://dbpedia.org/resource/Stomil_Olsztyn_(football) http://dbpedia.org/resource/OKS_Stomil_Olsztyn http://dbpedia.org/resource/Stomil_II_Olsztyn"""
"TOUGH_DBP_HOMO_players_in_clubs,""1"",""108"",""http://dbpedia.org/resource/Lunar_Rovers_F.C. http://dbpedia.org/resource/Rotherham_Town_F.C._(1878) http://dbpedia.org/resource/Lunar_Rovers"""
"TOUGH_DBP_HOMO_players_in_clubs,""1"",""109"",""http://dbpedia.org/resource/Airdrieonians_FC_(1878) http://dbpedia.org/resource/Airdrieonians_FC_1878 http://dbpedia.org/resource/Airdrieonians_Football_Club_1878 http://dbpedia.org/resource/Airdrieonians_Football_Club_(1878) http://dbpedia.org/resource/Airdrieonians_F.C._(1878) http://dbpedia.org/resource/Excelsior_F.C._(1878) http://dbpedia.org/resource/Airdrieonians_F.C._(1881) http://dbpedia.org/resource/Airdrieonians_(1878) http://dbpedia.org/resource/Airdrieonians_1878"""
"TOUGH_DBP_HOMO_players_in_clubs,""1"",""110"",""http://dbpedia.org/resource/Seattle_Sounders_(1994–2008) http://dbpedia.org/resource/Seattle_Sounders_Select http://dbpedia.org/resource/Seattle_Sounders_(USL) http://dbpedia.org/resource/Seattle_Sounders_(1994-2008)"""
"TOUGH_DBP_HOMO_players_in_clubs,""1"",""111"",""http://dbpedia.org/resource/Ilkeston_Town_F.C._(1945)"""
"TOUGH_DBP_HOMO_players_in_clubs,""1"",""112"",""http://dbpedia.org/resource/Airdrieonians_FC_(1878) http://dbpedia.org/resource/Airdrieonians_FC_1878 http://dbpedia.org/resource/Airdrieonians_Football_Club_1878 http://dbpedia.org/resource/Airdrieonians_Football_Club_(1878) http://dbpedia.org/resource/Airdrieonians_F.C._(1878) http://dbpedia.org/resource/Excelsior_F.C._(1878) http://dbpedia.org/resource/Airdrieonians_F.C._(1881) http://dbpedia.org/resource/Airdrieonians_(1878) http://dbpedia.org/resource/Airdrieonians_1878"""
"TOUGH_DBP_HOMO_players_in_clubs,""1"",""113"",""http://dbpedia.org/resource/Edmonton_Drillers_(NASL) http://dbpedia.org/resource/Edmonton_Drillers_(1979-1982) http://dbpedia.org/resource/Edmonton_Drillers_(1979-82) http://dbpedia.org/resource/Edmonton_Drillers_(1979–82) http://dbpedia.org/resource/Edmonton_Drillers_(1979–1982)"""
"TOUGH_DBP_HOMO_players_in_clubs,""1"",""114"",""http://dbpedia.org/resource/C.D._Guadalajara_(Spain) http://dbpedia.org/resource/CD_Guadalajara_(Spain)"""
"TOUGH_DBP_HOMO_players_in_clubs,""1"",""115"",""http://dbpedia.org/resource/Ilkeston_Town_F.C._(1945)"""
"TOUGH_DBP_HOMO_players_in_clubs,""1"",""116"",""http://dbpedia.org/resource/Airdrieonians_FC_(1878) http://dbpedia.org/resource/Airdrieonians_FC_1878 http://dbpedia.org/resource/Airdrieonians_Football_Club_1878 http://dbpedia.org/resource/Airdrieonians_Football_Club_(1878) http://dbpedia.org/resource/Airdrieonians_F.C._(1878) http://dbpedia.org/resource/Excelsior_F.C._(1878) http://dbpedia.org/resource/Airdrieonians_F.C._(1881) http://dbpedia.org/resource/Airdrieonians_(1878) http://dbpedia.org/resource/Airdrieonians_1878"""
"TOUGH_DBP_HOMO_players_in_clubs,""1"",""117"",""http://dbpedia.org/resource/Seattle_Sounders_(1994–2008) http://dbpedia.org/resource/Seattle_Sounders_Select http://dbpedia.org/resource/Seattle_Sounders_(USL) http://dbpedia.org/resource/Seattle_Sounders_(1994-2008)"""
"TOUGH_DBP_HOMO_players_in_clubs,""1"",""118"",""http://dbpedia.org/resource/Filtrona_Park http://dbpedia.org/resource/South_Shields_F.C._(1974)"""
"TOUGH_DBP_HOMO_players_in_clubs,""1"",""119"",""http://dbpedia.org/resource/Airdrieonians_FC_(1878) http://dbpedia.org/resource/Airdrieonians_FC_1878 http://dbpedia.org/resource/Airdrieonians_Football_Club_1878 http://dbpedia.org/resource/Airdrieonians_Football_Club_(1878) http://dbpedia.org/resource/Airdrieonians_F.C._(1878) http://dbpedia.org/resource/Excelsior_F.C._(1878) http://dbpedia.org/resource/Airdrieonians_F.C._(1881) http://dbpedia.org/resource/Airdrieonians_(1878) http://dbpedia.org/resource/Airdrieonians_1878"""
"TOUGH_DBP_HOMO_players_in_clubs,""1"",""120"",""http://dbpedia.org/resource/South_Shields_F.C._(1936)"""
"TOUGH_DBP_HOMO_players_in_clubs,""1"",""121"",""http://dbpedia.org/resource/Ireland_national_football_team_(1882—1950) http://dbpedia.org/resource/Ireland_national_football_team_(1882_to_1950) http://dbpedia.org/resource/Ireland_national_football_team_(IFA) http://dbpedia.org/resource/IFA_Ireland_national_football_team http://dbpedia.org/resource/Ireland_national_football_team_(1882-1950) http://dbpedia.org/resource/Irish_national_football_team_(1882–1950) http://dbpedia.org/resource/Ireland_national_football_team_(1882-1920) http://dbpedia.org/resource/Irish_national_football_team_(1882-1950) http://dbpedia.org/resource/Ireland_national_football_team_(1882–1950)"""
"TOUGH_DBP_HOMO_players_in_clubs,""1"",""122"",""http://dbpedia.org/resource/Ballyduff_GAA_(Kerry) http://dbpedia.org/resource/Ballyduff_GAA_Club"""
"TOUGH_DBP_HOMO_players_in_clubs,""1"",""123"",""http://dbpedia.org/resource/Airdrieonians_FC_(1878) http://dbpedia.org/resource/Airdrieonians_FC_1878 http://dbpedia.org/resource/Airdrieonians_Football_Club_1878 http://dbpedia.org/resource/Airdrieonians_Football_Club_(1878) http://dbpedia.org/resource/Airdrieonians_F.C._(1878) http://dbpedia.org/resource/Excelsior_F.C._(1878) http://dbpedia.org/resource/Airdrieonians_F.C._(1881) http://dbpedia.org/resource/Airdrieonians_(1878) http://dbpedia.org/resource/Airdrieonians_1878"""
"TOUGH_DBP_HOMO_players_in_clubs,""1"",""124"",""http://dbpedia.org/resource/Worcester_Wildfire http://dbpedia.org/resource/Boston_Bulldogs_(soccer)"""
"TOUGH_DBP_HOMO_players_in_clubs,""1"",""125"",""http://dbpedia.org/resource/Airdrieonians_FC_(1878) http://dbpedia.org/resource/Airdrieonians_FC_1878 http://dbpedia.org/resource/Airdrieonians_Football_Club_1878 http://dbpedia.org/resource/Airdrieonians_Football_Club_(1878) http://dbpedia.org/resource/Airdrieonians_F.C._(1878) http://dbpedia.org/resource/Excelsior_F.C._(1878) http://dbpedia.org/resource/Airdrieonians_F.C._(1881) http://dbpedia.org/resource/Airdrieonians_(1878) http://dbpedia.org/resource/Airdrieonians_1878"""
"TOUGH_DBP_HOMO_players_in_clubs,""1"",""126"",""http://dbpedia.org/resource/Airdrieonians_FC_(1878) http://dbpedia.org/resource/Airdrieonians_FC_1878 http://dbpedia.org/resource/Airdrieonians_Football_Club_1878 http://dbpedia.org/resource/Airdrieonians_Football_Club_(1878) http://dbpedia.org/resource/Airdrieonians_F.C._(1878) http://dbpedia.org/resource/Excelsior_F.C._(1878) http://dbpedia.org/resource/Airdrieonians_F.C._(1881) http://dbpedia.org/resource/Airdrieonians_(1878) http://dbpedia.org/resource/Airdrieonians_1878"""
"TOUGH_DBP_HOMO_players_in_clubs,""1"",""127"",""http://dbpedia.org/resource/South_Shields_Athletic http://dbpedia.org/resource/South_Shields_Mariners_F.C. http://dbpedia.org/resource/South_Shields_Adelaide http://dbpedia.org/resource/South_Shields_F._C. http://dbpedia.org/resource/South_Shields_FC http://dbpedia.org/resource/South_Shields_F.C._(1889) http://dbpedia.org/resource/South_Shields_F_C"""
"TOUGH_DBP_HOMO_players_in_clubs,""1"",""128"",""http://dbpedia.org/resource/South_Shields_F.C._(1936)"""
"TOUGH_DBP_HOMO_players_in_clubs,""1"",""129"",""http://dbpedia.org/resource/Airdrieonians_FC_(1878) http://dbpedia.org/resource/Airdrieonians_FC_1878 http://dbpedia.org/resource/Airdrieonians_Football_Club_1878 http://dbpedia.org/resource/Airdrieonians_Football_Club_(1878) http://dbpedia.org/resource/Airdrieonians_F.C._(1878) http://dbpedia.org/resource/Excelsior_F.C._(1878) http://dbpedia.org/resource/Airdrieonians_F.C._(1881) http://dbpedia.org/resource/Airdrieonians_(1878) http://dbpedia.org/resource/Airdrieonians_1878"""
"TOUGH_DBP_HOMO_players_in_clubs,""1"",""130"",""http://dbpedia.org/resource/New_York_Americans_(1930-33) http://dbpedia.org/resource/New_York_Americans_(soccer) http://dbpedia.org/resource/New_York_Americans_(1930–33)"""
"TOUGH_DBP_HOMO_players_in_clubs,""1"",""131"",""http://dbpedia.org/resource/Airdrieonians_FC_(1878) http://dbpedia.org/resource/Airdrieonians_FC_1878 http://dbpedia.org/resource/Airdrieonians_Football_Club_1878 http://dbpedia.org/resource/Airdrieonians_Football_Club_(1878) http://dbpedia.org/resource/Airdrieonians_F.C._(1878) http://dbpedia.org/resource/Excelsior_F.C._(1878) http://dbpedia.org/resource/Airdrieonians_F.C._(1881) http://dbpedia.org/resource/Airdrieonians_(1878) http://dbpedia.org/resource/Airdrieonians_1878"""
"TOUGH_DBP_HOMO_players_in_clubs,""1"",""132"",""http://dbpedia.org/resource/St._Louis_Stars_(NASL) http://dbpedia.org/resource/St._Louis_Stars_(soccer)"""
"TOUGH_DBP_HOMO_players_in_clubs,""1"",""133"",""http://dbpedia.org/resource/Detroit_Cougars_(NASL) http://dbpedia.org/resource/Detroit_Cougars_(soccer)"""
"TOUGH_DBP_HOMO_players_in_clubs,""1"",""134"",""http://dbpedia.org/resource/Worcester_Wildfire http://dbpedia.org/resource/Boston_Bulldogs_(soccer)"""
"TOUGH_DBP_HOMO_players_in_clubs,""1"",""135"",""http://dbpedia.org/resource/1977_Seattle_Sounders_season http://dbpedia.org/resource/Seattle_Sounders_(1974-83) http://dbpedia.org/resource/Seattle_Sounders_(NASL) http://dbpedia.org/resource/Seattle_Sounders_(1974-1983) http://dbpedia.org/resource/Seattle_Sounders_(1974–1983) http://dbpedia.org/resource/Seattle_Sounders_(1974–83)"""
"TOUGH_DBP_HOMO_players_in_clubs,""1"",""136"",""http://dbpedia.org/resource/South_Shields_Athletic http://dbpedia.org/resource/South_Shields_Mariners_F.C. http://dbpedia.org/resource/South_Shields_Adelaide http://dbpedia.org/resource/South_Shields_F._C. http://dbpedia.org/resource/South_Shields_FC http://dbpedia.org/resource/South_Shields_F.C._(1889) http://dbpedia.org/resource/South_Shields_F_C"""
"TOUGH_DBP_HOMO_players_in_clubs,""1"",""137"",""http://dbpedia.org/resource/Worcester_Wildfire http://dbpedia.org/resource/Boston_Bulldogs_(soccer)"""
